feature_id,rank,transformation,count,pattern_type
ABSENT,0,ABSENT→NOUN-ADD,153,additions
ABSENT,0,ABSENT→VERB-ADD,33,additions
ABSENT,0,ABSENT→ADVP-ADD,33,additions
ABSENT,0,ABSENT→ADP-ADD,28,additions
ABSENT,0,ABSENT→SBAR-ADD,23,additions
ABSENT,0,ABSENT→ADJP-ADD,13,additions
ABSENT,0,ABSENT→AUX-ADD,13,additions
ABSENT,0,ABSENT→PP-ADD,11,additions
ABSENT,0,ABSENT→VP-ADD,11,additions
ABSENT,0,ABSENT→ADJ-ADD,7,additions
ABSENT,0,ABSENT→ADV-ADD,7,additions
ABSENT,0,ABSENT→PRON-PERS-ADD,5,additions
ABSENT,0,ABSENT→ART-ADD,2,additions
ABSENT,0,ABSENT→SCONJ-ADD,1,additions
,0,→single-line,1460,changes
,0,→fragment,920,changes
,0,→non-fragment,580,changes
,0,→comma,69,changes
,0,→colon,69,changes
,0,→micro-discourse,40,changes
,0,→apostrophe,39,changes
,0,→period,4,changes
,0,→hyphen,4,changes
,0,→slash,2,changes
,0,→question mark,1,changes
,0,→dash,1,changes
,0,→semicolon,1,changes
',0,'→‘,54,changes
',0,'→’,17,changes
're,0,'re→’re,1,changes
's,0,'s→’s,36,changes
0.00,0,0.00→1.00,1,changes
1,0,1→2,1,changes
1,0,1→3,1,changes
1.00,0,1.00→0.00,11,changes
1.00,0,1.00→1.50,1,changes
1.20,0,1.20→1.00,1,changes
1.25,0,1.25→1.00,5,changes
1.25,0,1.25→1.33,5,changes
1.33,0,1.33→1.50,20,changes
1.33,0,1.33→1.00,8,changes
1.33,0,1.33→1.25,1,changes
1.40,0,1.40→1.00,8,changes
1.40,0,1.40→1.33,1,changes
1.40,0,1.40→1.25,1,changes
1.43,0,1.43→1.60,1,changes
1.43,0,1.43→1.33,1,changes
1.50,0,1.50→1.00,11,changes
1.50,0,1.50→1.25,6,changes
1.50,0,1.50→1.33,1,changes
1.50,0,1.50→1.40,1,changes
1.50,0,1.50→1.60,1,changes
1.56,0,1.56→1.53,1,changes
1.57,0,1.57→1.33,1,changes
1.57,0,1.57→1.40,1,changes
1.57,0,1.57→1.43,1,changes
1.60,0,1.60→1.40,15,changes
1.60,0,1.60→1.50,7,changes
1.60,0,1.60→1.00,6,changes
1.60,0,1.60→1.33,4,changes
1.60,0,1.60→1.25,2,changes
1.62,0,1.62→1.50,3,changes
1.62,0,1.62→1.54,2,changes
1.62,0,1.62→1.40,1,changes
1.62,0,1.62→1.43,1,changes
1.67,0,1.67→1.50,8,changes
1.67,0,1.67→1.33,3,changes
1.67,0,1.67→1.20,3,changes
1.67,0,1.67→1.25,2,changes
1.67,0,1.67→1.00,1,changes
1.67,0,1.67→1.75,1,changes
1.67,0,1.67→1.40,1,changes
1.67,0,1.67→1.71,1,changes
1.67,0,1.67→1.55,1,changes
1.67,0,1.67→1.56,1,changes
1.70,0,1.70→1.60,3,changes
1.70,0,1.70→1.50,1,changes
1.71,0,1.71→1.20,3,changes
1.71,0,1.71→1.60,3,changes
1.71,0,1.71→1.25,3,changes
1.71,0,1.71→1.50,2,changes
1.71,0,1.71→1.33,1,changes
1.71,0,1.71→1.00,1,changes
1.71,0,1.71→2.00,1,changes
1.71,0,1.71→1.40,1,changes
1.71,0,1.71→2.25,1,changes
1.71,0,1.71→1.57,1,changes
1.73,0,1.73→1.58,1,changes
1.73,0,1.73→1.50,1,changes
1.73,0,1.73→1.67,1,changes
1.73,0,1.73→1.71,1,changes
1.75,0,1.75→1.33,18,changes
1.75,0,1.75→1.50,9,changes
1.75,0,1.75→1.67,6,changes
1.75,0,1.75→1.60,3,changes
1.75,0,1.75→1.62,3,changes
1.75,0,1.75→1.00,2,changes
1.75,0,1.75→2.00,1,changes
1.75,0,1.75→1.43,1,changes
1.75,0,1.75→1.57,1,changes
1.75,0,1.75→1.64,1,changes
1.77,0,1.77→1.71,1,changes
1.77,0,1.77→1.62,1,changes
1.77,0,1.77→1.58,1,changes
1.77,0,1.77→1.67,1,changes
1.77,0,1.77→1.82,1,changes
1.78,0,1.78→1.67,8,changes
1.78,0,1.78→1.62,7,changes
1.78,0,1.78→1.57,2,changes
1.78,0,1.78→1.56,2,changes
1.78,0,1.78→1.25,1,changes
1.78,0,1.78→2.44,1,changes
1.78,0,1.78→1.20,1,changes
1.78,0,1.78→1.71,1,changes
1.78,0,1.78→1.50,1,changes
1.78,0,1.78→1.40,1,changes
1.79,0,1.79→1.58,1,changes
1.79,0,1.79→1.62,1,changes
1.80,0,1.80→1.60,25,changes
1.80,0,1.80→1.33,7,changes
1.80,0,1.80→1.67,4,changes
1.80,0,1.80→1.50,3,changes
1.80,0,1.80→1.40,2,changes
1.80,0,1.80→1.25,2,changes
1.80,0,1.80→1.73,2,changes
1.80,0,1.80→1.86,1,changes
1.80,0,1.80→1.56,1,changes
1.80,0,1.80→2.00,1,changes
1.80,0,1.80→1.00,1,changes
1.80,0,1.80→1.62,1,changes
1.80,0,1.80→1.71,1,changes
1.80,0,1.80→1.57,1,changes
1.80,0,1.80→1.70,1,changes
1.80,0,1.80→1.75,1,changes
1.80,0,1.80→1.43,1,changes
1.82,0,1.82→1.70,5,changes
1.82,0,1.82→1.67,3,changes
1.82,0,1.82→1.71,1,changes
1.82,0,1.82→1.75,1,changes
1.82,0,1.82→1.50,1,changes
1.82,0,1.82→1.77,1,changes
1.82,0,1.82→1.78,1,changes
1.82,0,1.82→2.11,1,changes
1.82,0,1.82→2.00,1,changes
1.82,0,1.82→1.60,1,changes
1.82,0,1.82→1.55,1,changes
1.83,0,1.83→1.67,12,changes
1.83,0,1.83→1.60,12,changes
1.83,0,1.83→1.50,7,changes
1.83,0,1.83→1.55,4,changes
1.83,0,1.83→1.80,2,changes
1.83,0,1.83→1.25,2,changes
1.83,0,1.83→1.73,2,changes
1.83,0,1.83→1.40,1,changes
1.83,0,1.83→1.20,1,changes
1.83,0,1.83→1.78,1,changes
1.83,0,1.83→1.82,1,changes
1.84,0,1.84→1.79,1,changes
1.85,0,1.85→1.80,2,changes
1.85,0,1.85→1.69,1,changes
1.85,0,1.85→2.17,1,changes
1.85,0,1.85→1.75,1,changes
1.85,0,1.85→1.62,1,changes
1.85,0,1.85→1.88,1,changes
1.85,0,1.85→1.73,1,changes
1.86,0,1.86→1.67,6,changes
1.86,0,1.86→1.50,4,changes
1.86,0,1.86→1.40,3,changes
1.86,0,1.86→1.75,2,changes
1.86,0,1.86→1.25,2,changes
1.86,0,1.86→1.57,2,changes
1.86,0,1.86→1.71,2,changes
1.86,0,1.86→2.00,1,changes
1.86,0,1.86→1.00,1,changes
1.86,0,1.86→1.33,1,changes
1.86,0,1.86→1.60,1,changes
1.86,0,1.86→1.80,1,changes
1.86,0,1.86→1.73,1,changes
1.86,0,1.86→1.85,1,changes
1.86,0,1.86→1.62,1,changes
1.87,0,1.87→1.60,1,changes
1.87,0,1.87→1.77,1,changes
1.87,0,1.87→1.75,1,changes
1.87,0,1.87→1.82,1,changes
1.87,0,1.87→1.53,1,changes
1.88,0,1.88→1.57,5,changes
1.88,0,1.88→2.00,4,changes
1.88,0,1.88→1.71,4,changes
1.88,0,1.88→1.60,4,changes
1.88,0,1.88→1.40,3,changes
1.88,0,1.88→1.50,2,changes
1.88,0,1.88→1.75,2,changes
1.88,0,1.88→1.67,2,changes
1.88,0,1.88→1.62,2,changes
1.88,0,1.88→1.20,1,changes
1.88,0,1.88→1.80,1,changes
1.88,0,1.88→1.25,1,changes
1.88,0,1.88→1.86,1,changes
1.88,0,1.88→1.90,1,changes
1.88,0,1.88→1.83,1,changes
1.88,0,1.88→1.87,1,changes
1.89,0,1.89→1.62,6,changes
1.89,0,1.89→1.67,4,changes
1.89,0,1.89→1.25,3,changes
1.89,0,1.89→1.75,3,changes
1.89,0,1.89→1.78,3,changes
1.89,0,1.89→1.43,2,changes
1.89,0,1.89→1.33,2,changes
1.89,0,1.89→1.50,2,changes
1.89,0,1.89→2.62,1,changes
1.89,0,1.89→1.29,1,changes
1.89,0,1.89→1.20,1,changes
1.89,0,1.89→1.71,1,changes
1.89,0,1.89→1.88,1,changes
1.89,0,1.89→2.17,1,changes
1.89,0,1.89→2.00,1,changes
1.89,0,1.89→1.56,1,changes
1.89,0,1.89→1.85,1,changes
1.89,0,1.89→1.86,1,changes
1.90,0,1.90→1.67,6,changes
1.90,0,1.90→1.80,6,changes
1.90,0,1.90→1.75,4,changes
1.90,0,1.90→1.86,3,changes
1.90,0,1.90→1.73,3,changes
1.90,0,1.90→1.62,2,changes
1.90,0,1.90→1.78,2,changes
1.90,0,1.90→1.70,2,changes
1.90,0,1.90→1.88,2,changes
1.90,0,1.90→1.71,1,changes
1.90,0,1.90→1.44,1,changes
1.90,0,1.90→2.20,1,changes
1.90,0,1.90→1.50,1,changes
1.90,0,1.90→1.58,1,changes
1.90,0,1.90→2.00,1,changes
1.90,0,1.90→1.60,1,changes
1.91,0,1.91→1.71,2,changes
1.91,0,1.91→1.78,2,changes
1.91,0,1.91→1.80,2,changes
1.91,0,1.91→1.64,2,changes
1.91,0,1.91→1.67,2,changes
1.91,0,1.91→1.60,1,changes
1.91,0,1.91→1.90,1,changes
1.91,0,1.91→1.62,1,changes
1.91,0,1.91→1.82,1,changes
1.91,0,1.91→2.00,1,changes
1.91,0,1.91→1.70,1,changes
1.91,0,1.91→1.69,1,changes
1.92,0,1.92→1.73,5,changes
1.92,0,1.92→1.60,2,changes
1.92,0,1.92→1.90,2,changes
1.92,0,1.92→1.67,2,changes
1.92,0,1.92→1.70,2,changes
1.92,0,1.92→1.83,2,changes
1.92,0,1.92→1.75,2,changes
1.92,0,1.92→1.64,1,changes
1.92,0,1.92→1.82,1,changes
1.92,0,1.92→1.58,1,changes
1.92,0,1.92→1.86,1,changes
1.92,0,1.92→1.55,1,changes
1.92,0,1.92→1.57,1,changes
1.93,0,1.93→1.75,2,changes
1.93,0,1.93→1.67,2,changes
1.93,0,1.93→1.69,2,changes
1.93,0,1.93→2.00,1,changes
1.93,0,1.93→1.64,1,changes
1.93,0,1.93→1.79,1,changes
1.93,0,1.93→1.82,1,changes
1.93,0,1.93→1.60,1,changes
1.93,0,1.93→2.12,1,changes
1.93,0,1.93→1.91,1,changes
1.94,0,1.94→1.75,1,changes
1.94,0,1.94→2.00,1,changes
1.94,0,1.94→1.82,1,changes
1.95,0,1.95→1.86,1,changes
10,0,10→8,5,changes
10,0,10→9,5,changes
10,0,10→6,2,changes
10,0,10→5,1,changes
10,0,10→7,1,changes
10,0,10→4,1,changes
10,0,10→11,1,changes
10,0,10→12,1,changes
11,0,11→7,2,changes
11,0,11→6,2,changes
11,0,11→9,2,changes
11,0,11→10,1,changes
11,0,11→8,1,changes
11,0,11→5,1,changes
11,0,11→12,1,changes
11,0,11→13,1,changes
11,0,11→4,1,changes
12,0,12→11,17,changes
12,0,12→9,15,changes
12,0,12→7,6,changes
12,0,12→10,2,changes
12,0,12→6,2,changes
12,0,12→8,1,changes
12,0,12→13,1,changes
12,0,12→5,1,changes
13,0,13→10,8,changes
13,0,13→11,6,changes
13,0,13→9,5,changes
13,0,13→14,3,changes
13,0,13→8,2,changes
13,0,13→12,1,changes
13,0,13→7,1,changes
13,0,13→15,1,changes
14,0,14→11,11,changes
14,0,14→13,9,changes
14,0,14→10,8,changes
14,0,14→9,3,changes
14,0,14→8,3,changes
14,0,14→7,2,changes
14,0,14→12,2,changes
14,0,14→15,2,changes
14,0,14→16,1,changes
14,0,14→6,1,changes
15,0,15→14,11,changes
15,0,15→13,9,changes
15,0,15→11,7,changes
15,0,15→12,5,changes
15,0,15→10,5,changes
15,0,15→9,2,changes
15,0,15→8,1,changes
15,0,15→7,1,changes
15,0,15→16,1,changes
16,0,16→14,16,changes
16,0,16→12,11,changes
16,0,16→11,11,changes
16,0,16→15,10,changes
16,0,16→13,9,changes
16,0,16→9,3,changes
16,0,16→10,3,changes
16,0,16→17,2,changes
16,0,16→19,1,changes
16,0,16→8,1,changes
17,0,17→14,18,changes
17,0,17→16,14,changes
17,0,17→13,9,changes
17,0,17→15,8,changes
17,0,17→10,7,changes
17,0,17→11,3,changes
17,0,17→12,3,changes
17,0,17→9,2,changes
17,0,17→18,2,changes
17,0,17→8,2,changes
17,0,17→21,2,changes
18,0,18→15,14,changes
18,0,18→14,13,changes
18,0,18→17,11,changes
18,0,18→13,7,changes
18,0,18→11,7,changes
18,0,18→16,6,changes
18,0,18→10,5,changes
18,0,18→12,5,changes
18,0,18→20,2,changes
18,0,18→9,1,changes
18,0,18→19,1,changes
19,0,19→16,13,changes
19,0,19→14,9,changes
19,0,19→12,7,changes
19,0,19→17,7,changes
19,0,19→13,6,changes
19,0,19→15,5,changes
19,0,19→18,4,changes
19,0,19→20,2,changes
19,0,19→11,2,changes
19,0,19→10,1,changes
19,0,19→23,1,changes
2,0,2→1,11,changes
2,0,2→3,2,changes
2.00,0,2.00→1.80,43,changes
2.00,0,2.00→1.50,34,changes
2.00,0,2.00→1.86,27,changes
2.00,0,2.00→1.67,23,changes
2.00,0,2.00→1.83,20,changes
2.00,0,2.00→1.75,17,changes
2.00,0,2.00→1.88,16,changes
2.00,0,2.00→1.60,14,changes
2.00,0,2.00→1.71,13,changes
2.00,0,2.00→1.78,11,changes
2.00,0,2.00→1.25,8,changes
2.00,0,2.00→1.62,5,changes
2.00,0,2.00→1.92,5,changes
2.00,0,2.00→1.73,5,changes
2.00,0,2.00→1.40,4,changes
2.00,0,2.00→1.91,4,changes
2.00,0,2.00→1.90,4,changes
2.00,0,2.00→1.89,3,changes
2.00,0,2.00→1.20,2,changes
2.00,0,2.00→1.64,2,changes
2.00,0,2.00→1.82,2,changes
2.00,0,2.00→1.33,1,changes
2.00,0,2.00→2.50,1,changes
2.00,0,2.00→1.57,1,changes
2.00,0,2.00→1.43,1,changes
2.00,0,2.00→2.40,1,changes
2.00,0,2.00→2.43,1,changes
2.00,0,2.00→2.12,1,changes
2.00,0,2.00→2.29,1,changes
2.00,0,2.00→3.17,1,changes
2.00,0,2.00→2.33,1,changes
2.00,0,2.00→1.77,1,changes
2.00,0,2.00→1.85,1,changes
2.00,0,2.00→1.69,1,changes
2.00,0,2.00→1.70,1,changes
2.00,0,2.00→1.56,1,changes
2.00,0,2.00→2.14,1,changes
2.07,0,2.07→2.00,2,changes
2.07,0,2.07→1.75,1,changes
2.07,0,2.07→1.80,1,changes
2.07,0,2.07→1.83,1,changes
2.08,0,2.08→1.43,3,changes
2.08,0,2.08→1.75,2,changes
2.08,0,2.08→1.83,2,changes
2.08,0,2.08→1.29,1,changes
2.08,0,2.08→1.82,1,changes
2.08,0,2.08→2.12,1,changes
2.08,0,2.08→2.00,1,changes
2.08,0,2.08→1.67,1,changes
2.08,0,2.08→1.86,1,changes
2.08,0,2.08→2.11,1,changes
2.08,0,2.08→1.78,1,changes
2.08,0,2.08→1.71,1,changes
2.08,0,2.08→1.70,1,changes
2.08,0,2.08→1.92,1,changes
2.08,0,2.08→1.85,1,changes
2.08,0,2.08→1.79,1,changes
2.09,0,2.09→2.00,5,changes
2.09,0,2.09→2.25,2,changes
2.09,0,2.09→1.89,2,changes
2.09,0,2.09→1.75,1,changes
2.09,0,2.09→1.62,1,changes
2.09,0,2.09→1.50,1,changes
2.09,0,2.09→1.85,1,changes
2.09,0,2.09→1.67,1,changes
2.09,0,2.09→2.14,1,changes
2.09,0,2.09→1.80,1,changes
2.09,0,2.09→1.78,1,changes
2.09,0,2.09→2.11,1,changes
2.09,0,2.09→1.91,1,changes
2.09,0,2.09→1.70,1,changes
2.09,0,2.09→1.83,1,changes
2.10,0,2.10→2.00,5,changes
2.10,0,2.10→1.89,5,changes
2.10,0,2.10→1.88,4,changes
2.10,0,2.10→1.71,2,changes
2.10,0,2.10→1.56,2,changes
2.10,0,2.10→1.64,2,changes
2.10,0,2.10→2.67,1,changes
2.10,0,2.10→2.17,1,changes
2.10,0,2.10→1.20,1,changes
2.10,0,2.10→1.40,1,changes
2.10,0,2.10→1.86,1,changes
2.10,0,2.10→1.83,1,changes
2.10,0,2.10→1.70,1,changes
2.10,0,2.10→2.29,1,changes
2.10,0,2.10→1.62,1,changes
2.10,0,2.10→1.50,1,changes
2.10,0,2.10→2.11,1,changes
2.10,0,2.10→1.92,1,changes
2.10,0,2.10→1.85,1,changes
2.10,0,2.10→1.73,1,changes
2.10,0,2.10→1.75,1,changes
2.10,0,2.10→2.12,1,changes
2.10,0,2.10→1.67,1,changes
2.10,0,2.10→1.90,1,changes
2.11,0,2.11→2.00,10,changes
2.11,0,2.11→2.14,8,changes
2.11,0,2.11→1.88,4,changes
2.11,0,2.11→1.78,3,changes
2.11,0,2.11→1.82,3,changes
2.11,0,2.11→1.80,3,changes
2.11,0,2.11→2.57,2,changes
2.11,0,2.11→1.40,2,changes
2.11,0,2.11→1.75,2,changes
2.11,0,2.11→1.60,2,changes
2.11,0,2.11→1.33,2,changes
2.11,0,2.11→1.86,2,changes
2.11,0,2.11→1.67,2,changes
2.11,0,2.11→2.12,1,changes
2.11,0,2.11→1.71,1,changes
2.11,0,2.11→1.62,1,changes
2.11,0,2.11→2.29,1,changes
2.11,0,2.11→1.57,1,changes
2.11,0,2.11→2.17,1,changes
2.11,0,2.11→1.38,1,changes
2.11,0,2.11→1.64,1,changes
2.11,0,2.11→1.90,1,changes
2.11,0,2.11→1.91,1,changes
2.11,0,2.11→2.43,1,changes
2.12,0,2.12→2.00,9,changes
2.12,0,2.12→1.67,5,changes
2.12,0,2.12→1.83,5,changes
2.12,0,2.12→1.75,4,changes
2.12,0,2.12→1.80,4,changes
2.12,0,2.12→1.50,3,changes
2.12,0,2.12→1.88,3,changes
2.12,0,2.12→1.40,2,changes
2.12,0,2.12→1.86,2,changes
2.12,0,2.12→1.71,1,changes
2.12,0,2.12→1.33,1,changes
2.12,0,2.12→2.29,1,changes
2.12,0,2.12→2.40,1,changes
2.12,0,2.12→2.20,1,changes
2.12,0,2.12→2.44,1,changes
2.12,0,2.12→1.60,1,changes
2.12,0,2.12→1.62,1,changes
2.12,0,2.12→1.92,1,changes
2.13,0,2.13→1.71,1,changes
2.13,0,2.13→2.22,1,changes
2.13,0,2.13→1.80,1,changes
2.13,0,2.13→1.91,1,changes
2.14,0,2.14→2.00,8,changes
2.14,0,2.14→1.67,6,changes
2.14,0,2.14→1.83,4,changes
2.14,0,2.14→1.80,2,changes
2.14,0,2.14→1.62,2,changes
2.14,0,2.14→2.20,1,changes
2.14,0,2.14→1.25,1,changes
2.14,0,2.14→1.40,1,changes
2.14,0,2.14→1.60,1,changes
2.14,0,2.14→2.67,1,changes
2.14,0,2.14→3.00,1,changes
2.14,0,2.14→1.50,1,changes
2.14,0,2.14→2.17,1,changes
2.14,0,2.14→1.90,1,changes
2.14,0,2.14→1.91,1,changes
2.14,0,2.14→1.71,1,changes
2.14,0,2.14→1.86,1,changes
2.15,0,2.15→1.92,2,changes
2.15,0,2.15→1.80,1,changes
2.15,0,2.15→1.91,1,changes
2.15,0,2.15→1.82,1,changes
2.15,0,2.15→2.09,1,changes
2.15,0,2.15→1.86,1,changes
2.15,0,2.15→1.73,1,changes
2.17,0,2.17→2.00,8,changes
2.17,0,2.17→1.80,4,changes
2.17,0,2.17→1.71,3,changes
2.17,0,2.17→1.67,3,changes
2.17,0,2.17→1.83,3,changes
2.17,0,2.17→1.75,2,changes
2.17,0,2.17→1.88,2,changes
2.17,0,2.17→1.33,2,changes
2.17,0,2.17→2.33,2,changes
2.17,0,2.17→1.50,1,changes
2.17,0,2.17→1.60,1,changes
2.17,0,2.17→1.62,1,changes
2.17,0,2.17→1.25,1,changes
2.17,0,2.17→1.70,1,changes
2.17,0,2.17→1.40,1,changes
2.17,0,2.17→2.22,1,changes
2.17,0,2.17→1.92,1,changes
2.17,0,2.17→1.90,1,changes
2.17,0,2.17→1.91,1,changes
2.17,0,2.17→2.12,1,changes
2.17,0,2.17→1.82,1,changes
2.18,0,2.18→1.71,3,changes
2.18,0,2.18→1.62,3,changes
2.18,0,2.18→2.00,2,changes
2.18,0,2.18→1.50,2,changes
2.18,0,2.18→1.91,2,changes
2.18,0,2.18→1.89,1,changes
2.18,0,2.18→2.40,1,changes
2.18,0,2.18→1.80,1,changes
2.18,0,2.18→1.56,1,changes
2.18,0,2.18→1.57,1,changes
2.18,0,2.18→1.78,1,changes
2.18,0,2.18→1.90,1,changes
2.18,0,2.18→2.22,1,changes
2.18,0,2.18→2.14,1,changes
2.18,0,2.18→2.12,1,changes
2.18,0,2.18→2.11,1,changes
2.18,0,2.18→2.09,1,changes
2.20,0,2.20→2.00,8,changes
2.20,0,2.20→1.80,5,changes
2.20,0,2.20→1.57,3,changes
2.20,0,2.20→1.50,3,changes
2.20,0,2.20→1.75,2,changes
2.20,0,2.20→1.60,2,changes
2.20,0,2.20→1.78,1,changes
2.20,0,2.20→1.88,1,changes
2.20,0,2.20→1.62,1,changes
2.20,0,2.20→2.50,1,changes
2.20,0,2.20→1.33,1,changes
2.20,0,2.20→1.67,1,changes
2.20,0,2.20→1.90,1,changes
2.20,0,2.20→1.70,1,changes
2.20,0,2.20→2.12,1,changes
2.20,0,2.20→1.83,1,changes
2.21,0,2.21→2.00,1,changes
2.21,0,2.21→1.92,1,changes
2.21,0,2.21→2.10,1,changes
2.22,0,2.22→2.00,6,changes
2.22,0,2.22→1.88,4,changes
2.22,0,2.22→2.17,3,changes
2.22,0,2.22→1.67,2,changes
2.22,0,2.22→1.86,2,changes
2.22,0,2.22→2.14,2,changes
2.22,0,2.22→2.12,1,changes
2.22,0,2.22→1.33,1,changes
2.22,0,2.22→1.50,1,changes
2.22,0,2.22→1.62,1,changes
2.22,0,2.22→1.80,1,changes
2.22,0,2.22→1.89,1,changes
2.22,0,2.22→1.83,1,changes
2.23,0,2.23→2.00,1,changes
2.23,0,2.23→1.77,1,changes
2.23,0,2.23→2.09,1,changes
2.25,0,2.25→2.00,9,changes
2.25,0,2.25→1.67,6,changes
2.25,0,2.25→1.75,3,changes
2.25,0,2.25→1.86,3,changes
2.25,0,2.25→1.60,2,changes
2.25,0,2.25→2.29,2,changes
2.25,0,2.25→1.83,2,changes
2.25,0,2.25→2.14,2,changes
2.25,0,2.25→1.88,2,changes
2.25,0,2.25→2.12,2,changes
2.25,0,2.25→1.91,2,changes
2.25,0,2.25→1.62,1,changes
2.25,0,2.25→2.20,1,changes
2.25,0,2.25→1.50,1,changes
2.25,0,2.25→1.33,1,changes
2.25,0,2.25→1.90,1,changes
2.25,0,2.25→1.82,1,changes
2.25,0,2.25→2.10,1,changes
2.25,0,2.25→2.33,1,changes
2.27,0,2.27→2.00,3,changes
2.27,0,2.27→1.89,1,changes
2.27,0,2.27→2.43,1,changes
2.27,0,2.27→2.18,1,changes
2.27,0,2.27→2.11,1,changes
2.27,0,2.27→2.33,1,changes
2.27,0,2.27→1.43,1,changes
2.27,0,2.27→1.64,1,changes
2.27,0,2.27→1.60,1,changes
2.27,0,2.27→1.86,1,changes
2.27,0,2.27→1.33,1,changes
2.27,0,2.27→1.87,1,changes
2.27,0,2.27→2.12,1,changes
2.29,0,2.29→2.00,7,changes
2.29,0,2.29→1.89,2,changes
2.29,0,2.29→2.14,2,changes
2.29,0,2.29→1.82,1,changes
2.29,0,2.29→1.50,1,changes
2.29,0,2.29→1.83,1,changes
2.29,0,2.29→1.75,1,changes
2.29,0,2.29→1.80,1,changes
2.29,0,2.29→2.09,1,changes
2.29,0,2.29→2.17,1,changes
2.29,0,2.29→1.67,1,changes
2.29,0,2.29→2.50,1,changes
2.29,0,2.29→1.40,1,changes
2.29,0,2.29→2.33,1,changes
2.29,0,2.29→1.86,1,changes
2.30,0,2.30→1.75,9,changes
2.30,0,2.30→2.00,7,changes
2.30,0,2.30→2.12,4,changes
2.30,0,2.30→1.67,2,changes
2.30,0,2.30→2.14,2,changes
2.30,0,2.30→2.20,1,changes
2.30,0,2.30→1.80,1,changes
2.30,0,2.30→1.50,1,changes
2.30,0,2.30→1.57,1,changes
2.30,0,2.30→1.71,1,changes
2.30,0,2.30→1.88,1,changes
2.30,0,2.30→2.67,1,changes
2.30,0,2.30→2.29,1,changes
2.31,0,2.31→1.89,1,changes
2.31,0,2.31→1.88,1,changes
2.31,0,2.31→1.56,1,changes
2.33,0,2.33→2.00,8,changes
2.33,0,2.33→1.67,3,changes
2.33,0,2.33→1.80,3,changes
2.33,0,2.33→2.50,3,changes
2.33,0,2.33→1.71,2,changes
2.33,0,2.33→2.57,2,changes
2.33,0,2.33→2.17,2,changes
2.33,0,2.33→1.86,2,changes
2.33,0,2.33→1.60,2,changes
2.33,0,2.33→1.70,1,changes
2.33,0,2.33→1.62,1,changes
2.33,0,2.33→1.50,1,changes
2.33,0,2.33→2.14,1,changes
2.33,0,2.33→1.40,1,changes
2.33,0,2.33→2.11,1,changes
2.33,0,2.33→1.88,1,changes
2.33,0,2.33→1.83,1,changes
2.33,0,2.33→2.38,1,changes
2.33,0,2.33→1.75,1,changes
2.33,0,2.33→2.40,1,changes
2.36,0,2.36→1.71,3,changes
2.36,0,2.36→1.67,2,changes
2.36,0,2.36→1.88,2,changes
2.36,0,2.36→1.86,1,changes
2.36,0,2.36→2.11,1,changes
2.36,0,2.36→2.18,1,changes
2.36,0,2.36→2.00,1,changes
2.36,0,2.36→1.43,1,changes
2.36,0,2.36→2.27,1,changes
2.38,0,2.38→1.67,3,changes
2.38,0,2.38→1.75,3,changes
2.38,0,2.38→2.44,2,changes
2.38,0,2.38→2.00,2,changes
2.38,0,2.38→2.12,2,changes
2.38,0,2.38→2.56,1,changes
2.38,0,2.38→2.20,1,changes
2.38,0,2.38→2.43,1,changes
2.38,0,2.38→2.91,1,changes
2.38,0,2.38→3.00,1,changes
2.38,0,2.38→1.78,1,changes
2.38,0,2.38→1.70,1,changes
2.38,0,2.38→1.86,1,changes
2.38,0,2.38→2.29,1,changes
2.38,0,2.38→1.73,1,changes
2.40,0,2.40→1.67,4,changes
2.40,0,2.40→2.20,3,changes
2.40,0,2.40→2.17,2,changes
2.40,0,2.40→3.00,2,changes
2.40,0,2.40→1.75,1,changes
2.40,0,2.40→1.71,1,changes
2.40,0,2.40→1.78,1,changes
2.40,0,2.40→2.11,1,changes
2.40,0,2.40→1.80,1,changes
2.40,0,2.40→2.50,1,changes
2.40,0,2.40→1.90,1,changes
2.40,0,2.40→1.86,1,changes
2.42,0,2.42→2.00,2,changes
2.42,0,2.42→1.62,2,changes
2.42,0,2.42→1.75,2,changes
2.42,0,2.42→1.91,1,changes
2.42,0,2.42→1.83,1,changes
2.42,0,2.42→1.86,1,changes
2.42,0,2.42→2.08,1,changes
2.42,0,2.42→2.20,1,changes
2.42,0,2.42→1.57,1,changes
2.42,0,2.42→2.50,1,changes
2.42,0,2.42→1.90,1,changes
2.43,0,2.43→2.00,5,changes
2.43,0,2.43→1.86,2,changes
2.43,0,2.43→1.90,2,changes
2.43,0,2.43→1.75,1,changes
2.43,0,2.43→3.00,1,changes
2.43,0,2.43→1.80,1,changes
2.43,0,2.43→1.60,1,changes
2.43,0,2.43→2.14,1,changes
2.44,0,2.44→1.75,7,changes
2.44,0,2.44→2.00,2,changes
2.44,0,2.44→2.17,2,changes
2.44,0,2.44→2.50,1,changes
2.44,0,2.44→1.80,1,changes
2.44,0,2.44→2.20,1,changes
2.44,0,2.44→1.88,1,changes
2.44,0,2.44→1.83,1,changes
2.44,0,2.44→1.60,1,changes
2.44,0,2.44→2.14,1,changes
2.44,0,2.44→2.10,1,changes
2.45,0,2.45→1.67,2,changes
2.45,0,2.45→1.62,1,changes
2.45,0,2.45→2.00,1,changes
2.45,0,2.45→2.22,1,changes
2.46,0,2.46→2.38,1,changes
2.46,0,2.46→1.57,1,changes
2.46,0,2.46→1.88,1,changes
2.47,0,2.47→1.58,1,changes
2.50,0,2.50→2.00,17,changes
2.50,0,2.50→2.17,8,changes
2.50,0,2.50→1.67,4,changes
2.50,0,2.50→1.50,2,changes
2.50,0,2.50→1.56,2,changes
2.50,0,2.50→2.22,2,changes
2.50,0,2.50→1.80,2,changes
2.50,0,2.50→2.10,2,changes
2.50,0,2.50→2.29,1,changes
2.50,0,2.50→2.67,1,changes
2.50,0,2.50→1.33,1,changes
2.50,0,2.50→2.33,1,changes
2.50,0,2.50→2.36,1,changes
2.50,0,2.50→2.25,1,changes
2.50,0,2.50→1.70,1,changes
2.50,0,2.50→2.14,1,changes
2.50,0,2.50→1.60,1,changes
2.50,0,2.50→2.56,1,changes
2.50,0,2.50→1.86,1,changes
2.50,0,2.50→1.75,1,changes
2.50,0,2.50→1.78,1,changes
2.50,0,2.50→2.20,1,changes
2.50,0,2.50→1.91,1,changes
2.50,0,2.50→1.89,1,changes
2.50,0,2.50→2.60,1,changes
2.50,0,2.50→2.27,1,changes
2.50,0,2.50→2.12,1,changes
2.50,0,2.50→1.92,1,changes
2.50,0,2.50→2.42,1,changes
2.53,0,2.53→1.80,1,changes
2.54,0,2.54→2.09,1,changes
2.54,0,2.54→1.78,1,changes
2.54,0,2.54→2.11,1,changes
2.54,0,2.54→1.56,1,changes
2.54,0,2.54→1.75,1,changes
2.54,0,2.54→1.82,1,changes
2.55,0,2.55→2.00,1,changes
2.55,0,2.55→2.17,1,changes
2.55,0,2.55→1.89,1,changes
2.55,0,2.55→2.12,1,changes
2.55,0,2.55→2.60,1,changes
2.55,0,2.55→2.50,1,changes
2.55,0,2.55→1.75,1,changes
2.55,0,2.55→2.29,1,changes
2.55,0,2.55→2.20,1,changes
2.56,0,2.56→2.17,2,changes
2.56,0,2.56→2.12,2,changes
2.56,0,2.56→1.88,1,changes
2.56,0,2.56→1.83,1,changes
2.56,0,2.56→2.29,1,changes
2.56,0,2.56→1.50,1,changes
2.56,0,2.56→2.38,1,changes
2.56,0,2.56→1.60,1,changes
2.56,0,2.56→2.60,1,changes
2.56,0,2.56→1.67,1,changes
2.56,0,2.56→2.00,1,changes
2.56,0,2.56→2.20,1,changes
2.57,0,2.57→1.83,7,changes
2.57,0,2.57→1.80,2,changes
2.57,0,2.57→1.73,1,changes
2.57,0,2.57→2.44,1,changes
2.57,0,2.57→2.20,1,changes
2.57,0,2.57→2.58,1,changes
2.57,0,2.57→1.86,1,changes
2.58,0,2.58→2.86,1,changes
2.60,0,2.60→1.86,1,changes
2.60,0,2.60→1.80,1,changes
2.60,0,2.60→2.00,1,changes
2.60,0,2.60→1.88,1,changes
2.60,0,2.60→2.29,1,changes
2.60,0,2.60→2.90,1,changes
2.60,0,2.60→2.17,1,changes
2.60,0,2.60→1.75,1,changes
2.60,0,2.60→2.12,1,changes
2.62,0,2.62→1.67,3,changes
2.62,0,2.62→2.14,3,changes
2.62,0,2.62→2.00,2,changes
2.62,0,2.62→2.90,1,changes
2.62,0,2.62→1.88,1,changes
2.62,0,2.62→2.67,1,changes
2.62,0,2.62→1.60,1,changes
2.62,0,2.62→1.50,1,changes
2.62,0,2.62→2.73,1,changes
2.62,0,2.62→2.25,1,changes
2.62,0,2.62→1.91,1,changes
2.64,0,2.64→1.88,1,changes
2.64,0,2.64→2.00,1,changes
2.64,0,2.64→1.80,1,changes
2.64,0,2.64→1.86,1,changes
2.64,0,2.64→1.67,1,changes
2.64,0,2.64→2.10,1,changes
2.67,0,2.67→2.00,3,changes
2.67,0,2.67→1.75,3,changes
2.67,0,2.67→2.33,2,changes
2.67,0,2.67→1.80,2,changes
2.67,0,2.67→2.29,1,changes
2.67,0,2.67→1.88,1,changes
2.67,0,2.67→3.00,1,changes
2.67,0,2.67→2.22,1,changes
2.67,0,2.67→1.50,1,changes
2.67,0,2.67→1.77,1,changes
2.67,0,2.67→2.12,1,changes
2.67,0,2.67→2.17,1,changes
2.67,0,2.67→2.14,1,changes
2.69,0,2.69→2.00,2,changes
2.69,0,2.69→2.38,2,changes
2.69,0,2.69→2.10,1,changes
2.69,0,2.69→1.62,1,changes
2.69,0,2.69→2.55,1,changes
2.69,0,2.69→2.33,1,changes
2.70,0,2.70→2.00,2,changes
2.70,0,2.70→1.67,1,changes
2.70,0,2.70→2.38,1,changes
2.70,0,2.70→1.62,1,changes
2.70,0,2.70→1.75,1,changes
2.70,0,2.70→2.43,1,changes
2.71,0,2.71→1.78,2,changes
2.71,0,2.71→2.70,1,changes
2.71,0,2.71→2.67,1,changes
2.71,0,2.71→1.62,1,changes
2.71,0,2.71→2.33,1,changes
2.71,0,2.71→2.73,1,changes
2.71,0,2.71→1.82,1,changes
2.73,0,2.73→2.00,3,changes
2.73,0,2.73→2.33,2,changes
2.73,0,2.73→2.29,1,changes
2.73,0,2.73→1.89,1,changes
2.73,0,2.73→1.83,1,changes
2.73,0,2.73→1.62,1,changes
2.73,0,2.73→1.71,1,changes
2.73,0,2.73→2.20,1,changes
2.73,0,2.73→2.12,1,changes
2.73,0,2.73→2.30,1,changes
2.73,0,2.73→2.57,1,changes
2.73,0,2.73→2.11,1,changes
2.75,0,2.75→2.22,1,changes
2.75,0,2.75→1.62,1,changes
2.75,0,2.75→2.33,1,changes
2.75,0,2.75→1.55,1,changes
2.75,0,2.75→1.71,1,changes
2.76,0,2.76→1.67,1,changes
2.77,0,2.77→1.56,1,changes
2.77,0,2.77→1.62,1,changes
2.77,0,2.77→2.00,1,changes
2.77,0,2.77→2.10,1,changes
2.78,0,2.78→1.83,2,changes
2.78,0,2.78→2.83,1,changes
2.78,0,2.78→2.62,1,changes
2.78,0,2.78→1.50,1,changes
2.78,0,2.78→3.00,1,changes
2.78,0,2.78→2.20,1,changes
2.78,0,2.78→2.38,1,changes
2.78,0,2.78→1.86,1,changes
2.79,0,2.79→2.25,1,changes
2.79,0,2.79→2.50,1,changes
2.80,0,2.80→2.50,1,changes
2.80,0,2.80→1.50,1,changes
2.80,0,2.80→2.25,1,changes
2.80,0,2.80→1.62,1,changes
2.80,0,2.80→2.60,1,changes
2.80,0,2.80→1.78,1,changes
2.80,0,2.80→1.75,1,changes
2.80,0,2.80→2.00,1,changes
2.81,0,2.81→2.00,2,changes
2.82,0,2.82→1.86,1,changes
2.82,0,2.82→2.20,1,changes
2.82,0,2.82→1.33,1,changes
2.83,0,2.83→2.14,1,changes
2.83,0,2.83→2.90,1,changes
2.83,0,2.83→1.88,1,changes
2.83,0,2.83→2.60,1,changes
2.83,0,2.83→2.12,1,changes
2.83,0,2.83→2.50,1,changes
2.83,0,2.83→1.56,1,changes
2.83,0,2.83→2.10,1,changes
2.83,0,2.83→2.38,1,changes
2.85,0,2.85→2.22,2,changes
2.85,0,2.85→1.80,1,changes
2.85,0,2.85→1.78,1,changes
2.85,0,2.85→2.25,1,changes
2.85,0,2.85→2.00,1,changes
2.85,0,2.85→2.90,1,changes
2.85,0,2.85→1.88,1,changes
2.86,0,2.86→3.17,1,changes
2.86,0,2.86→2.27,1,changes
2.86,0,2.86→1.89,1,changes
2.86,0,2.86→2.17,1,changes
2.86,0,2.86→2.12,1,changes
2.86,0,2.86→3.00,1,changes
2.86,0,2.86→1.78,1,changes
2.86,0,2.86→1.62,1,changes
2.87,0,2.87→2.36,1,changes
2.87,0,2.87→2.44,1,changes
2.88,0,2.88→2.00,1,changes
2.88,0,2.88→2.29,1,changes
2.89,0,2.89→2.50,1,changes
2.89,0,2.89→1.75,1,changes
2.89,0,2.89→2.43,1,changes
2.90,0,2.90→1.86,1,changes
2.90,0,2.90→2.00,1,changes
2.91,0,2.91→2.00,3,changes
2.91,0,2.91→1.57,2,changes
2.91,0,2.91→2.38,1,changes
2.91,0,2.91→1.40,1,changes
2.92,0,2.92→2.00,3,changes
2.92,0,2.92→1.83,1,changes
2.92,0,2.92→2.38,1,changes
2.92,0,2.92→2.55,1,changes
2.93,0,2.93→2.00,1,changes
2.93,0,2.93→2.25,1,changes
2.93,0,2.93→1.78,1,changes
2.93,0,2.93→2.20,1,changes
20,0,20→19,13,changes
20,0,20→15,11,changes
20,0,20→16,8,changes
20,0,20→14,7,changes
20,0,20→17,6,changes
20,0,20→18,6,changes
20,0,20→21,6,changes
20,0,20→11,5,changes
20,0,20→13,3,changes
20,0,20→22,2,changes
20,0,20→12,1,changes
20,0,20→10,1,changes
21,0,21→16,21,changes
21,0,21→14,14,changes
21,0,21→18,13,changes
21,0,21→19,11,changes
21,0,21→17,7,changes
21,0,21→13,6,changes
21,0,21→15,4,changes
21,0,21→20,4,changes
21,0,21→12,2,changes
21,0,21→22,1,changes
21,0,21→24,1,changes
22,0,22→18,7,changes
22,0,22→19,6,changes
22,0,22→21,6,changes
22,0,22→16,6,changes
22,0,22→17,4,changes
22,0,22→20,3,changes
22,0,22→24,3,changes
22,0,22→14,3,changes
22,0,22→15,3,changes
22,0,22→13,2,changes
22,0,22→25,1,changes
22,0,22→23,1,changes
23,0,23→17,9,changes
23,0,23→16,8,changes
23,0,23→18,6,changes
23,0,23→19,6,changes
23,0,23→20,5,changes
23,0,23→22,4,changes
23,0,23→21,3,changes
23,0,23→13,2,changes
23,0,23→15,2,changes
24,0,24→21,9,changes
24,0,24→18,9,changes
24,0,24→19,6,changes
24,0,24→17,5,changes
24,0,24→22,4,changes
24,0,24→20,4,changes
24,0,24→23,4,changes
24,0,24→16,3,changes
24,0,24→15,2,changes
24,0,24→25,1,changes
24,0,24→13,1,changes
24,0,24→14,1,changes
25,0,25→19,8,changes
25,0,25→20,7,changes
25,0,25→22,4,changes
25,0,25→23,3,changes
25,0,25→16,3,changes
25,0,25→17,2,changes
25,0,25→15,1,changes
25,0,25→14,1,changes
25,0,25→21,1,changes
25,0,25→27,1,changes
25,0,25→18,1,changes
25,0,25→24,1,changes
26,0,26→20,9,changes
26,0,26→18,4,changes
26,0,26→23,4,changes
26,0,26→21,3,changes
26,0,26→17,3,changes
26,0,26→22,2,changes
26,0,26→24,2,changes
26,0,26→19,1,changes
26,0,26→14,1,changes
26,0,26→16,1,changes
26,0,26→29,1,changes
26,0,26→25,1,changes
26,0,26→15,1,changes
27,0,27→21,5,changes
27,0,27→23,4,changes
27,0,27→19,3,changes
27,0,27→26,3,changes
27,0,27→20,3,changes
27,0,27→25,3,changes
27,0,27→17,3,changes
27,0,27→22,2,changes
27,0,27→18,1,changes
27,0,27→16,1,changes
27,0,27→28,1,changes
28,0,28→21,6,changes
28,0,28→22,6,changes
28,0,28→25,3,changes
28,0,28→23,3,changes
28,0,28→24,2,changes
28,0,28→17,1,changes
28,0,28→15,1,changes
28,0,28→20,1,changes
29,0,29→24,5,changes
29,0,29→21,4,changes
29,0,29→19,2,changes
29,0,29→22,2,changes
29,0,29→27,2,changes
29,0,29→17,1,changes
29,0,29→23,1,changes
29,0,29→20,1,changes
29,0,29→26,1,changes
3,0,3→2,41,changes
3,0,3→4,5,changes
3,0,3→5,4,changes
3.00,0,3.00→2.17,2,changes
3.00,0,3.00→2.00,2,changes
3.00,0,3.00→2.30,2,changes
3.00,0,3.00→2.25,2,changes
3.00,0,3.00→2.20,2,changes
3.00,0,3.00→2.56,2,changes
3.00,0,3.00→2.78,2,changes
3.00,0,3.00→2.29,2,changes
3.00,0,3.00→2.80,1,changes
3.00,0,3.00→2.57,1,changes
3.00,0,3.00→1.70,1,changes
3.00,0,3.00→2.33,1,changes
3.00,0,3.00→2.62,1,changes
3.00,0,3.00→2.71,1,changes
3.00,0,3.00→2.11,1,changes
3.00,0,3.00→1.67,1,changes
3.00,0,3.00→1.50,1,changes
3.00,0,3.00→2.75,1,changes
3.00,0,3.00→1.60,1,changes
3.00,0,3.00→2.50,1,changes
3.00,0,3.00→2.40,1,changes
3.06,0,3.06→2.75,1,changes
3.07,0,3.07→2.92,1,changes
3.07,0,3.07→2.36,1,changes
3.08,0,3.08→2.78,1,changes
3.08,0,3.08→2.50,1,changes
3.08,0,3.08→2.25,1,changes
3.08,0,3.08→2.33,1,changes
3.09,0,3.09→2.12,1,changes
3.09,0,3.09→2.67,1,changes
3.10,0,3.10→2.30,1,changes
3.10,0,3.10→1.67,1,changes
3.11,0,3.11→2.33,1,changes
3.12,0,3.12→2.57,1,changes
3.12,0,3.12→2.17,1,changes
3.12,0,3.12→2.00,1,changes
3.12,0,3.12→2.80,1,changes
3.12,0,3.12→2.20,1,changes
3.13,0,3.13→3.00,1,changes
3.14,0,3.14→2.73,1,changes
3.14,0,3.14→2.00,1,changes
3.15,0,3.15→2.62,1,changes
3.17,0,3.17→1.50,1,changes
3.18,0,3.18→2.12,1,changes
3.18,0,3.18→1.89,1,changes
3.18,0,3.18→2.38,1,changes
3.20,0,3.20→2.36,1,changes
3.20,0,3.20→2.00,1,changes
3.21,0,3.21→2.60,1,changes
3.21,0,3.21→2.40,1,changes
3.21,0,3.21→1.67,1,changes
3.22,0,3.22→2.29,1,changes
3.22,0,3.22→2.00,1,changes
3.23,0,3.23→2.56,1,changes
3.23,0,3.23→2.83,1,changes
3.23,0,3.23→2.58,1,changes
3.24,0,3.24→2.57,1,changes
3.25,0,3.25→1.60,1,changes
3.25,0,3.25→2.40,1,changes
3.25,0,3.25→2.00,1,changes
3.25,0,3.25→2.45,1,changes
3.27,0,3.27→2.43,1,changes
3.27,0,3.27→2.00,1,changes
3.27,0,3.27→2.40,1,changes
3.27,0,3.27→2.27,1,changes
3.29,0,3.29→2.00,1,changes
3.29,0,3.29→2.30,1,changes
3.30,0,3.30→2.50,1,changes
3.30,0,3.30→2.67,1,changes
3.30,0,3.30→2.57,1,changes
3.30,0,3.30→2.20,1,changes
3.31,0,3.31→2.11,1,changes
3.31,0,3.31→2.33,1,changes
3.33,0,3.33→2.67,1,changes
3.33,0,3.33→2.64,1,changes
3.36,0,3.36→2.92,1,changes
3.36,0,3.36→2.44,1,changes
3.38,0,3.38→2.00,1,changes
3.40,0,3.40→1.88,1,changes
3.40,0,3.40→2.33,1,changes
3.42,0,3.42→2.38,1,changes
3.42,0,3.42→2.00,1,changes
3.43,0,3.43→2.85,1,changes
3.44,0,3.44→2.00,1,changes
3.45,0,3.45→2.71,1,changes
3.50,0,3.50→3.00,2,changes
3.50,0,3.50→2.42,1,changes
3.53,0,3.53→3.33,1,changes
3.54,0,3.54→3.27,1,changes
3.54,0,3.54→3.00,1,changes
3.56,0,3.56→2.50,1,changes
3.62,0,3.62→2.44,1,changes
3.62,0,3.62→3.30,1,changes
3.62,0,3.62→2.55,1,changes
3.64,0,3.64→2.17,1,changes
3.64,0,3.64→2.67,1,changes
3.65,0,3.65→2.89,1,changes
3.67,0,3.67→1.86,1,changes
3.67,0,3.67→2.38,1,changes
3.67,0,3.67→2.91,1,changes
3.71,0,3.71→3.45,1,changes
3.73,0,3.73→1.57,1,changes
3.73,0,3.73→1.67,1,changes
3.82,0,3.82→3.10,1,changes
3.83,0,3.83→2.60,1,changes
3.88,0,3.88→2.00,1,changes
3.93,0,3.93→2.83,1,changes
3.94,0,3.94→2.73,1,changes
3.95,0,3.95→2.00,1,changes
30,0,30→23,3,changes
30,0,30→24,2,changes
30,0,30→22,2,changes
30,0,30→17,1,changes
30,0,30→26,1,changes
30,0,30→19,1,changes
30,0,30→18,1,changes
31,0,31→20,2,changes
31,0,31→27,2,changes
31,0,31→23,1,changes
31,0,31→24,1,changes
31,0,31→22,1,changes
31,0,31→25,1,changes
31,0,31→30,1,changes
32,0,32→17,1,changes
32,0,32→25,1,changes
32,0,32→26,1,changes
32,0,32→22,1,changes
32,0,32→24,1,changes
33,0,33→24,2,changes
33,0,33→19,1,changes
33,0,33→26,1,changes
33,0,33→25,1,changes
33,0,33→21,1,changes
33,0,33→27,1,changes
33,0,33→29,1,changes
33,0,33→28,1,changes
33,0,33→22,1,changes
34,0,34→26,1,changes
34,0,34→21,1,changes
34,0,34→32,1,changes
34,0,34→31,1,changes
35,0,35→19,1,changes
35,0,35→22,1,changes
35,0,35→26,1,changes
36,0,36→22,1,changes
36,0,36→32,1,changes
36,0,36→26,1,changes
37,0,37→25,1,changes
37,0,37→33,1,changes
4,0,4→3,34,changes
4,0,4→2,4,changes
4,0,4→5,3,changes
4,0,4→9,1,changes
4.00,0,4.00→3.76,1,changes
4.00,0,4.00→3.50,1,changes
4.07,0,4.07→2.80,1,changes
4.88,0,4.88→3.45,1,changes
40,0,40→27,1,changes
5,0,5→4,18,changes
5,0,5→2,5,changes
5,0,5→6,5,changes
5,0,5→7,2,changes
5,0,5→3,1,changes
5,0,5→11,1,changes
5,0,5→8,1,changes
6,0,6→5,12,changes
6,0,6→7,6,changes
6,0,6→8,6,changes
6,0,6→2,3,changes
6,0,6→4,2,changes
6,0,6→3,1,changes
6,0,6→9,1,changes
7,0,7→6,10,changes
7,0,7→3,3,changes
7,0,7→4,2,changes
7,0,7→5,2,changes
7,0,7→9,2,changes
7,0,7→10,2,changes
7,0,7→8,1,changes
8,0,8→7,11,changes
8,0,8→6,7,changes
8,0,8→4,7,changes
8,0,8→11,3,changes
8,0,8→5,2,changes
8,0,8→12,2,changes
8,0,8→9,1,changes
8,0,8→10,1,changes
8,0,8→3,1,changes
9,0,9→8,4,changes
9,0,9→4,3,changes
9,0,9→6,2,changes
9,0,9→7,1,changes
9,0,9→5,1,changes
9,0,9→10,1,changes
9,0,9→11,1,changes
9,0,9→12,1,changes
ADJ,0,ADJ→VERB,6,changes
ADJ,0,ADJ→NOUN,5,changes
Abbr=ABSENT,0,Abbr=ABSENT→Abbr=Yes,2,changes
Abbr=Yes,0,Abbr=Yes→Abbr=ABSENT,1,changes
Adivasis,0,Adivasis→adivasis,2,changes
City,0,City→city,1,changes
December,0,December→Dec.,2,changes
Degree=ABSENT,0,Degree=ABSENT→Degree=Pos,2,changes
Degree=Pos,0,Degree=Pos→Degree=ABSENT,2,changes
Fin,0,Fin→Part,335,changes
Fin,0,Fin→Ger,49,changes
Fin,0,Fin→Inf,1,changes
Ger,0,Ger→Fin,16,changes
Ger,0,Ger→Part,4,changes
Inf,0,Inf→Fin,1,changes
Inf,0,Inf→Part,1,changes
Justice,0,Justice→justice,1,changes
Mood=ABSENT,0,Mood=ABSENT→Mood=Ind,9,changes
Mood=ABSENT,0,Mood=ABSENT→Mood=Imp,1,changes
Mood=Imp,0,Mood=Imp→Mood=ABSENT,1,changes
Mood=Ind,0,Mood=Ind→Mood=ABSENT,3,changes
NOUN,0,NOUN→VERB,30,changes
NOUN,0,NOUN→ADJ,8,changes
Number=ABSENT,0,Number=ABSENT→Number=Sing,8,changes
Number=ABSENT,0,Number=ABSENT→Number=Plur,2,changes
Number=Plur,0,Number=Plur→Number=Sing,8,changes
Number=Plur,0,Number=Plur→Number=ABSENT,1,changes
Number=Sing,0,Number=Sing→Number=Plur,6,changes
Number=Sing,0,Number=Sing→Number=ABSENT,4,changes
Operation,0,Operation→operation,1,changes
Part,0,Part→Fin,4,changes
Person=3,0,Person=3→Person=ABSENT,3,changes
Person=ABSENT,0,Person=ABSENT→Person=3,8,changes
Reader,0,Reader→reader,1,changes
Road,0,Road→road,1,changes
SCTIMST,0,SCTIMST→sctimst,1,changes
Tense=ABSENT,0,Tense=ABSENT→Tense=Pres,9,changes
Tense=ABSENT,0,Tense=ABSENT→Tense=Past,1,changes
Tense=Past,0,Tense=Past→Tense=Pres,27,changes
Tense=Past,0,Tense=Past→Tense=ABSENT,2,changes
Tense=Pres,0,Tense=Pres→Tense=ABSENT,2,changes
VERB,0,VERB→NOUN,34,changes
VerbForm=ABSENT,0,VerbForm=ABSENT→VerbForm=Fin,5,changes
VerbForm=Fin,0,VerbForm=Fin→VerbForm=ABSENT,2,changes
VerbForm=Fin,0,VerbForm=Fin→VerbForm=Inf,1,changes
VerbForm=Ger,0,VerbForm=Ger→VerbForm=Part,4,changes
VerbForm=Inf,0,VerbForm=Inf→VerbForm=Part,1,changes
VerbForm=Inf,0,VerbForm=Inf→VerbForm=Fin,1,changes
VerbForm=Inf,0,VerbForm=Inf→VerbForm=ABSENT,1,changes
VerbForm=Part,0,VerbForm=Part→VerbForm=Fin,4,changes
VerbForm=Part,0,VerbForm=Part→VerbForm=ABSENT,1,changes
Whites,0,Whites→white,1,changes
acl,0,acl→case,9,changes
acl,0,acl→obl,3,changes
acl,0,acl→obj,3,changes
acl,0,acl→root,2,changes
acl,0,acl→compound:prt,2,changes
acl,0,acl→nmod,2,changes
acl,0,acl→xcomp,2,changes
acl,0,acl→compound,2,changes
acl,0,acl→punct,1,changes
acl,0,acl→nummod,1,changes
acl,0,acl→amod,1,changes
acl,0,acl→obl:agent,1,changes
acl:relcl,0,acl:relcl→compound,1,changes
acl:relcl,0,acl:relcl→obl,1,changes
acl:relcl,0,acl:relcl→mark,1,changes
advcl,0,advcl→case,9,changes
advcl,0,advcl→obj,7,changes
advcl,0,advcl→compound,6,changes
advcl,0,advcl→xcomp,4,changes
advcl,0,advcl→obl,4,changes
advcl,0,advcl→amod,2,changes
advcl,0,advcl→nummod,1,changes
advcl,0,advcl→det,1,changes
advcl,0,advcl→nmod,1,changes
advcl,0,advcl→nmod:poss,1,changes
advcl,0,advcl→acl,1,changes
advcl,0,advcl→punct,1,changes
advcl,0,advcl→parataxis,1,changes
advmod,0,advmod→case,9,changes
advmod,0,advmod→punct,5,changes
advmod,0,advmod→root,4,changes
advmod,0,advmod→compound,3,changes
advmod,0,advmod→xcomp,2,changes
advmod,0,advmod→obl,2,changes
advmod,0,advmod→det,2,changes
advmod,0,advmod→mark,1,changes
advmod,0,advmod→compound:prt,1,changes
advmod,0,advmod→conj,1,changes
advmod,0,advmod→amod,1,changes
advmod,0,advmod→acl,1,changes
alliance,0,alliance→Alliance,1,changes
amod,0,amod→root,34,changes
amod,0,amod→compound,30,changes
amod,0,amod→obl,24,changes
amod,0,amod→case,22,changes
amod,0,amod→nmod,21,changes
amod,0,amod→obj,19,changes
amod,0,amod→nsubj,15,changes
amod,0,amod→punct,10,changes
amod,0,amod→mark,4,changes
amod,0,amod→flat,4,changes
amod,0,amod→appos,4,changes
amod,0,amod→nummod,4,changes
amod,0,amod→conj,3,changes
amod,0,amod→aux,2,changes
amod,0,amod→acl,2,changes
amod,0,amod→det,2,changes
amod,0,amod→nmod:poss,2,changes
amod,0,amod→cop,1,changes
amod,0,amod→advcl,1,changes
amod,0,amod→xcomp,1,changes
amod,0,amod→nsubj:pass,1,changes
amod,0,amod→dep,1,changes
amod,0,amod→obl:unmarked,1,changes
amod,0,amod→parataxis,1,changes
and,0,"and→,",51,changes
and,0,and→:,5,changes
and,0,and→;,1,changes
apostrophe,0,apostrophe→,88,changes
appealed,0,appealed→appeal,1,changes
appos,0,appos→flat,3,changes
appos,0,appos→compound,2,changes
appos,0,appos→conj,2,changes
aux,0,aux→root,132,changes
aux,0,aux→case,67,changes
aux,0,aux→compound,43,changes
aux,0,aux→mark,40,changes
aux,0,aux→acl,39,changes
aux,0,aux→obj,30,changes
aux,0,aux→nmod,23,changes
aux,0,aux→punct,16,changes
aux,0,aux→amod,16,changes
aux,0,aux→nsubj,10,changes
aux,0,aux→obl,8,changes
aux,0,aux→aux:pass,6,changes
aux,0,aux→advmod,6,changes
aux,0,aux→compound:prt,5,changes
aux,0,aux→xcomp,5,changes
aux,0,aux→cop,4,changes
aux,0,aux→det,4,changes
aux,0,aux→ccomp,4,changes
aux,0,aux→appos,3,changes
aux,0,aux→advcl,3,changes
aux,0,aux→nummod,3,changes
aux,0,aux→parataxis,2,changes
aux,0,aux→flat,2,changes
aux,0,aux→cc,1,changes
aux,0,aux→expl,1,changes
aux,0,aux→nmod:unmarked,1,changes
aux,0,aux→dep,1,changes
aux,0,aux→nmod:poss,1,changes
aux,0,aux→conj,1,changes
aux,0,aux→iobj,1,changes
aux:pass,0,aux:pass→case,51,changes
aux:pass,0,aux:pass→compound,23,changes
aux:pass,0,aux:pass→root,21,changes
aux:pass,0,aux:pass→acl,20,changes
aux:pass,0,aux:pass→nmod,18,changes
aux:pass,0,aux:pass→mark,15,changes
aux:pass,0,aux:pass→obl,14,changes
aux:pass,0,aux:pass→amod,11,changes
aux:pass,0,aux:pass→xcomp,9,changes
aux:pass,0,aux:pass→punct,8,changes
aux:pass,0,aux:pass→nummod,8,changes
aux:pass,0,aux:pass→obj,6,changes
aux:pass,0,aux:pass→advcl,4,changes
aux:pass,0,aux:pass→advmod,3,changes
aux:pass,0,aux:pass→parataxis,3,changes
aux:pass,0,aux:pass→nsubj,2,changes
aux:pass,0,aux:pass→det,2,changes
aux:pass,0,aux:pass→compound:prt,2,changes
aux:pass,0,aux:pass→flat,2,changes
aux:pass,0,aux:pass→nsubj:outer,1,changes
aux:pass,0,aux:pass→aux,1,changes
aux:pass,0,aux:pass→cc,1,changes
aux:pass,0,aux:pass→nsubj:pass,1,changes
aux:pass,0,aux:pass→cop,1,changes
averted,0,averted→avert,1,changes
balloon,0,balloon→Balloon,1,changes
been,0,been→was,1,changes
been,0,been→is,1,changes
blew,0,blew→blow,1,changes
book,0,book→Book,1,changes
bookworm,0,bookworm→Bookworms,2,changes
bound,0,bound→bind,1,changes
brainstormed,0,brainstormed→brainstorm,1,changes
case,0,case→obl,111,changes
case,0,case→nmod,91,changes
case,0,case→compound,81,changes
case,0,case→amod,46,changes
case,0,case→punct,34,changes
case,0,case→det,23,changes
case,0,case→obj,20,changes
case,0,case→nummod,18,changes
case,0,case→root,13,changes
case,0,case→nmod:poss,10,changes
case,0,case→appos,8,changes
case,0,case→nsubj,8,changes
case,0,case→flat,5,changes
case,0,case→obl:agent,5,changes
case,0,case→advcl,4,changes
case,0,case→mark,4,changes
case,0,case→parataxis,3,changes
case,0,case→cop,3,changes
case,0,case→acl,3,changes
case,0,case→conj,2,changes
case,0,case→advmod,2,changes
case,0,case→fixed,2,changes
case,0,case→cc,1,changes
case,0,case→aux,1,changes
case,0,case→nmod:unmarked,1,changes
case,0,case→aux:pass,1,changes
case,0,case→vocative,1,changes
case,0,case→obl:unmarked,1,changes
cattle,0,cattle→Cattle,1,changes
cc,0,cc→punct,20,changes
cc,0,cc→amod,6,changes
cc,0,cc→compound,5,changes
cc,0,cc→conj,5,changes
cc,0,cc→nsubj,4,changes
cc,0,cc→case,4,changes
cc,0,cc→advmod,2,changes
cc,0,cc→parataxis,2,changes
cc,0,cc→root,2,changes
cc,0,cc→obl,1,changes
cc,0,cc→mark,1,changes
cc,0,cc→acl,1,changes
cc,0,cc→nmod:poss,1,changes
cc,0,cc→nmod,1,changes
cc,0,cc→appos,1,changes
cc,0,cc→det,1,changes
cc:preconj,0,cc:preconj→nmod:poss,1,changes
ccomp,0,ccomp→root,12,changes
ccomp,0,ccomp→punct,8,changes
ccomp,0,ccomp→obj,6,changes
ccomp,0,ccomp→nmod,4,changes
ccomp,0,ccomp→compound,4,changes
ccomp,0,ccomp→parataxis,4,changes
ccomp,0,ccomp→mark,3,changes
ccomp,0,ccomp→appos,3,changes
ccomp,0,ccomp→obl,3,changes
ccomp,0,ccomp→case,2,changes
ccomp,0,ccomp→nsubj,1,changes
ccomp,0,ccomp→fixed,1,changes
ccomp,0,ccomp→advmod,1,changes
ccomp,0,ccomp→xcomp,1,changes
ccomp,0,ccomp→conj,1,changes
ccomp,0,ccomp→flat,1,changes
comma,0,comma→,28,changes
compound,0,compound→root,68,changes
compound,0,compound→nsubj,64,changes
compound,0,compound→nmod,54,changes
compound,0,compound→obj,43,changes
compound,0,compound→punct,43,changes
compound,0,compound→case,31,changes
compound,0,compound→obl,27,changes
compound,0,compound→xcomp,9,changes
compound,0,compound→nummod,9,changes
compound,0,compound→flat,9,changes
compound,0,compound→appos,8,changes
compound,0,compound→mark,6,changes
compound,0,compound→nsubj:pass,4,changes
compound,0,compound→conj,4,changes
compound,0,compound→obl:unmarked,4,changes
compound,0,compound→amod,4,changes
compound,0,compound→aux,3,changes
compound,0,compound→acl,3,changes
compound,0,compound→det,3,changes
compound,0,compound→parataxis,2,changes
compound,0,compound→cop,2,changes
compound,0,compound→nmod:poss,2,changes
compound,0,compound→obl:agent,1,changes
compound,0,compound→iobj,1,changes
compound,0,compound→ccomp,1,changes
compound,0,compound→vocative,1,changes
compound,0,compound→nmod:unmarked,1,changes
compound:prt,0,compound:prt→obj,8,changes
compound:prt,0,compound:prt→case,7,changes
compound:prt,0,compound:prt→obl,3,changes
compound:prt,0,compound:prt→nummod,2,changes
compound:prt,0,compound:prt→amod,2,changes
compound:prt,0,compound:prt→punct,2,changes
compound:prt,0,compound:prt→compound,1,changes
compound:prt,0,compound:prt→parataxis,1,changes
compound:prt,0,compound:prt→advmod,1,changes
compound:prt,0,compound:prt→nmod:poss,1,changes
conj,0,conj→compound,6,changes
conj,0,conj→nsubj,5,changes
conj,0,conj→obl,4,changes
conj,0,conj→punct,3,changes
conj,0,conj→case,3,changes
conj,0,conj→obj,3,changes
conj,0,conj→amod,3,changes
conj,0,conj→appos,3,changes
conj,0,conj→root,2,changes
conj,0,conj→nmod:unmarked,1,changes
conj,0,conj→obl:agent,1,changes
conj,0,conj→acl,1,changes
conj,0,conj→cc,1,changes
conj,0,conj→nmod,1,changes
conj,0,conj→parataxis,1,changes
cop,0,cop→case,34,changes
cop,0,cop→mark,7,changes
cop,0,cop→det,7,changes
cop,0,cop→compound,6,changes
cop,0,cop→root,5,changes
cop,0,cop→nmod,5,changes
cop,0,cop→amod,4,changes
cop,0,cop→punct,3,changes
cop,0,cop→advmod,3,changes
cop,0,cop→acl,2,changes
cop,0,cop→obj,2,changes
cop,0,cop→nsubj,2,changes
cop,0,cop→parataxis,1,changes
cop,0,cop→appos,1,changes
cop,0,cop→csubj,1,changes
copd,0,copd→COPD,1,changes
csubj,0,csubj→punct,1,changes
csubj,0,csubj→root,1,changes
dance,0,dance→Dancing,1,changes
dead,0,dead→Dead,1,changes
det,0,det→compound,177,changes
det,0,det→nsubj,119,changes
det,0,det→root,73,changes
det,0,det→case,64,changes
det,0,det→amod,49,changes
det,0,det→punct,43,changes
det,0,det→obl,42,changes
det,0,det→nmod,36,changes
det,0,det→obj,33,changes
det,0,det→nsubj:pass,14,changes
det,0,det→appos,10,changes
det,0,det→nmod:poss,10,changes
det,0,det→nummod,9,changes
det,0,det→mark,8,changes
det,0,det→advcl,7,changes
det,0,det→xcomp,5,changes
det,0,det→flat,5,changes
det,0,det→advmod,4,changes
det,0,det→vocative,2,changes
det,0,det→aux:pass,2,changes
det,0,det→compound:prt,2,changes
det,0,det→obl:unmarked,2,changes
det,0,det→parataxis,2,changes
det,0,det→acl:relcl,2,changes
det,0,det→obl:agent,1,changes
det,0,det→discourse,1,changes
det,0,det→aux,1,changes
det,0,det→ccomp,1,changes
det,0,det→csubj,1,changes
det,0,det→dep,1,changes
det,0,det→conj,1,changes
det,0,det→acl,1,changes
did,0,did→do,1,changes
discourse,0,discourse→case,1,changes
diwa,0,diwa→Diwas,1,changes
drowned,0,drowned→drown,1,changes
eared,0,eared→eare,1,changes
elevated,0,elevated→Elevated,1,changes
embarked,0,embarked→embark,1,changes
end,0,end→ends,1,changes
ended,0,ended→ends,1,changes
expl,0,expl→root,10,changes
expl,0,expl→punct,9,changes
expl,0,expl→det,5,changes
expl,0,expl→amod,4,changes
expl,0,expl→compound,3,changes
expl,0,expl→nmod,2,changes
expl,0,expl→case,1,changes
expl,0,expl→obl,1,changes
expl,0,expl→discourse,1,changes
faced,0,faced→face,1,changes
fended,0,fended→fends,1,changes
file,0,file→filing,1,changes
fixed,0,fixed→obl,1,changes
fixed,0,fixed→amod,1,changes
flat,0,flat→root,6,changes
flat,0,flat→compound,4,changes
flat,0,flat→case,4,changes
flat,0,flat→obl,2,changes
flat,0,flat→obj,1,changes
flat,0,flat→det,1,changes
flat,0,flat→xcomp,1,changes
flat,0,flat→nsubj,1,changes
flat,0,flat→nmod:poss,1,changes
flat,0,flat→appos,1,changes
flat,0,flat→punct,1,changes
flat,0,flat→aux,1,changes
flat,0,flat→amod,1,changes
got,0,got→gets,2,changes
hoc,0,hoc→hocs,1,changes
hyphen,0,hyphen→,9,changes
iobj,0,iobj→obj,2,changes
iobj,0,iobj→case,2,changes
iobj,0,iobj→mark,1,changes
iobj,0,iobj→amod,1,changes
is,0,is→’s,1,changes
is,0,is→Is,1,changes
junction,0,junction→Junction,1,changes
linked,0,linked→link,1,changes
locked,0,locked→lock,1,changes
lost,0,lost→loses,1,changes
mark,0,mark→obj,21,changes
mark,0,mark→xcomp,18,changes
mark,0,mark→compound,15,changes
mark,0,mark→case,13,changes
mark,0,mark→advcl,13,changes
mark,0,mark→amod,11,changes
mark,0,mark→acl,10,changes
mark,0,mark→obl,8,changes
mark,0,mark→punct,7,changes
mark,0,mark→compound:prt,4,changes
mark,0,mark→nmod:poss,4,changes
mark,0,mark→parataxis,4,changes
mark,0,mark→det,3,changes
mark,0,mark→root,3,changes
mark,0,mark→nsubj,2,changes
mark,0,mark→conj,2,changes
mark,0,mark→aux,2,changes
mark,0,mark→ccomp,2,changes
mark,0,mark→cop,2,changes
mark,0,mark→cc,1,changes
mark,0,mark→appos,1,changes
mark,0,mark→aux:pass,1,changes
mark,0,mark→advmod,1,changes
mark,0,mark→nmod,1,changes
mark,0,mark→nummod,1,changes
met,0,met→meet,1,changes
mridangam,0,mridangam→mridangams,1,changes
n't,0,n't→n’t,4,changes
nmod,0,nmod→case,27,changes
nmod,0,nmod→compound,17,changes
nmod,0,nmod→root,14,changes
nmod,0,nmod→punct,9,changes
nmod,0,nmod→amod,5,changes
nmod,0,nmod→acl,5,changes
nmod,0,nmod→advmod,4,changes
nmod,0,nmod→appos,3,changes
nmod,0,nmod→obl,2,changes
nmod,0,nmod→flat,2,changes
nmod,0,nmod→mark,2,changes
nmod,0,nmod→nsubj,2,changes
nmod,0,nmod→nmod:poss,1,changes
nmod,0,nmod→det,1,changes
nmod,0,nmod→parataxis,1,changes
nmod,0,nmod→advcl,1,changes
nmod,0,nmod→nmod:unmarked,1,changes
nmod,0,nmod→compound:prt,1,changes
nmod,0,nmod→aux,1,changes
nmod,0,nmod→ccomp,1,changes
nmod:poss,0,nmod:poss→case,18,changes
nmod:poss,0,nmod:poss→obj,12,changes
nmod:poss,0,nmod:poss→nmod,3,changes
nmod:poss,0,nmod:poss→compound,3,changes
nmod:poss,0,nmod:poss→amod,3,changes
nmod:poss,0,nmod:poss→nsubj,3,changes
nmod:poss,0,nmod:poss→obl,3,changes
nmod:poss,0,nmod:poss→root,2,changes
nmod:poss,0,nmod:poss→punct,2,changes
nmod:poss,0,nmod:poss→nummod,2,changes
nmod:poss,0,nmod:poss→conj,1,changes
nmod:poss,0,nmod:poss→flat,1,changes
nmod:poss,0,nmod:poss→mark,1,changes
nmod:poss,0,nmod:poss→cc,1,changes
nmod:unmarked,0,nmod:unmarked→nummod,3,changes
nmod:unmarked,0,nmod:unmarked→appos,1,changes
nmod:unmarked,0,nmod:unmarked→punct,1,changes
nsubj,0,nsubj→root,186,changes
nsubj,0,nsubj→compound,43,changes
nsubj,0,nsubj→case,43,changes
nsubj,0,nsubj→punct,27,changes
nsubj,0,nsubj→mark,19,changes
nsubj,0,nsubj→amod,17,changes
nsubj,0,nsubj→obj,12,changes
nsubj,0,nsubj→aux,11,changes
nsubj,0,nsubj→nmod,9,changes
nsubj,0,nsubj→nmod:poss,5,changes
nsubj,0,nsubj→nsubj:pass,5,changes
nsubj,0,nsubj→det,4,changes
nsubj,0,nsubj→advcl,4,changes
nsubj,0,nsubj→flat,4,changes
nsubj,0,nsubj→appos,4,changes
nsubj,0,nsubj→compound:prt,3,changes
nsubj,0,nsubj→acl:relcl,3,changes
nsubj,0,nsubj→vocative,3,changes
nsubj,0,nsubj→ccomp,2,changes
nsubj,0,nsubj→advmod,2,changes
nsubj,0,nsubj→acl,2,changes
nsubj,0,nsubj→parataxis,2,changes
nsubj,0,nsubj→obl,2,changes
nsubj,0,nsubj→nummod,1,changes
nsubj,0,nsubj→obl:unmarked,1,changes
nsubj:outer,0,nsubj:outer→root,3,changes
nsubj:outer,0,nsubj:outer→aux,1,changes
nsubj:outer,0,nsubj:outer→mark,1,changes
nsubj:pass,0,nsubj:pass→root,127,changes
nsubj:pass,0,nsubj:pass→case,39,changes
nsubj:pass,0,nsubj:pass→nsubj,37,changes
nsubj:pass,0,nsubj:pass→acl,23,changes
nsubj:pass,0,nsubj:pass→mark,8,changes
nsubj:pass,0,nsubj:pass→punct,8,changes
nsubj:pass,0,nsubj:pass→compound,6,changes
nsubj:pass,0,nsubj:pass→det,5,changes
nsubj:pass,0,nsubj:pass→obj,3,changes
nsubj:pass,0,nsubj:pass→amod,3,changes
nsubj:pass,0,nsubj:pass→advcl,2,changes
nsubj:pass,0,nsubj:pass→advmod,2,changes
nsubj:pass,0,nsubj:pass→compound:prt,2,changes
nsubj:pass,0,nsubj:pass→aux:pass,2,changes
nsubj:pass,0,nsubj:pass→discourse,2,changes
nsubj:pass,0,nsubj:pass→parataxis,1,changes
nsubj:pass,0,nsubj:pass→obl,1,changes
nsubj:pass,0,nsubj:pass→dep,1,changes
nsubj:pass,0,nsubj:pass→aux,1,changes
nsubj:pass,0,nsubj:pass→nmod:poss,1,changes
nsubj:pass,0,nsubj:pass→nmod,1,changes
nsubj:pass,0,nsubj:pass→conj,1,changes
nummod,0,nummod→punct,16,changes
nummod,0,nummod→case,9,changes
nummod,0,nummod→nsubj:pass,9,changes
nummod,0,nummod→compound,8,changes
nummod,0,nummod→obl,7,changes
nummod,0,nummod→root,6,changes
nummod,0,nummod→obj,6,changes
nummod,0,nummod→nmod,4,changes
nummod,0,nummod→nsubj,4,changes
nummod,0,nummod→obl:unmarked,2,changes
nummod,0,nummod→parataxis,1,changes
nummod,0,nummod→mark,1,changes
nummod,0,nummod→discourse,1,changes
nummod,0,nummod→det,1,changes
nummod,0,nummod→amod,1,changes
nummod,0,nummod→nmod:unmarked,1,changes
nummod,0,nummod→advmod,1,changes
nummod,0,nummod→xcomp,1,changes
nummod,0,nummod→acl,1,changes
nummod,0,nummod→dep,1,changes
nummod,0,nummod→appos,1,changes
obj,0,obj→case,65,changes
obj,0,obj→compound,25,changes
obj,0,obj→punct,22,changes
obj,0,obj→nmod,21,changes
obj,0,obj→obl,13,changes
obj,0,obj→root,9,changes
obj,0,obj→advcl,8,changes
obj,0,obj→nummod,6,changes
obj,0,obj→mark,6,changes
obj,0,obj→acl,5,changes
obj,0,obj→appos,5,changes
obj,0,obj→det,5,changes
obj,0,obj→amod,5,changes
obj,0,obj→nsubj,4,changes
obj,0,obj→parataxis,4,changes
obj,0,obj→obl:unmarked,3,changes
obj,0,obj→flat,3,changes
obj,0,obj→advmod,2,changes
obj,0,obj→nmod:poss,2,changes
obj,0,obj→discourse,1,changes
obj,0,obj→aux:pass,1,changes
obj,0,obj→conj,1,changes
obj,0,obj→dep,1,changes
obj,0,obj→xcomp,1,changes
obl,0,obl→case,29,changes
obl,0,obl→nmod,23,changes
obl,0,obl→compound,14,changes
obl,0,obl→punct,10,changes
obl,0,obl→amod,7,changes
obl,0,obl→appos,6,changes
obl,0,obl→acl,5,changes
obl,0,obl→nummod,5,changes
obl,0,obl→root,4,changes
obl,0,obl→conj,3,changes
obl,0,obl→advmod,3,changes
obl,0,obl→nsubj,3,changes
obl,0,obl→cc,2,changes
obl,0,obl→flat,2,changes
obl,0,obl→parataxis,2,changes
obl,0,obl→obl:unmarked,2,changes
obl,0,obl→aux:pass,1,changes
obl,0,obl→nsubj:pass,1,changes
obl,0,obl→nmod:poss,1,changes
obl,0,obl→mark,1,changes
obl,0,obl→det,1,changes
obl,0,obl→xcomp,1,changes
obl,0,obl→advcl,1,changes
obl:agent,0,obl:agent→acl,2,changes
obl:agent,0,obl:agent→cc,2,changes
obl:agent,0,obl:agent→case,1,changes
obl:agent,0,obl:agent→det,1,changes
obl:agent,0,obl:agent→punct,1,changes
obl:agent,0,obl:agent→compound,1,changes
obl:agent,0,obl:agent→nsubj,1,changes
obl:unmarked,0,obl:unmarked→amod,1,changes
obl:unmarked,0,obl:unmarked→case,1,changes
obl:unmarked,0,obl:unmarked→obl,1,changes
obl:unmarked,0,obl:unmarked→nmod,1,changes
parataxis,0,parataxis→nsubj,1,changes
passport,0,passport→Passport,1,changes
pedalling,0,pedalling→Pedalling,1,changes
period,0,period→,1088,changes
pooled,0,pooled→pool,1,changes
prevailed,0,prevailed→prevails,1,changes
process,0,process→Process,1,changes
pumbos,0,pumbos→Jumbos,1,changes
punct,0,punct→compound,28,changes
punct,0,punct→case,22,changes
punct,0,punct→obj,21,changes
punct,0,punct→root,14,changes
punct,0,punct→amod,9,changes
punct,0,punct→appos,8,changes
punct,0,punct→nsubj,8,changes
punct,0,punct→cop,8,changes
punct,0,punct→nmod,7,changes
punct,0,punct→parataxis,6,changes
punct,0,punct→obl,4,changes
punct,0,punct→flat,3,changes
punct,0,punct→cc,3,changes
punct,0,punct→nummod,2,changes
punct,0,punct→dep,2,changes
punct,0,punct→acl,2,changes
punct,0,punct→advmod,2,changes
punct,0,punct→conj,2,changes
punct,0,punct→det,2,changes
punct,0,punct→xcomp,1,changes
punct,0,punct→mark,1,changes
punct,0,punct→advcl,1,changes
punct,0,punct→compound:prt,1,changes
punct,0,punct→nmod:poss,1,changes
punct,0,punct→obl:unmarked,1,changes
quote,0,quote→,3,changes
reverberated,0,reverberated→reverberates,1,changes
root,0,root→case,118,changes
root,0,root→obj,83,changes
root,0,root→compound,67,changes
root,0,root→obl,51,changes
root,0,root→amod,32,changes
root,0,root→mark,31,changes
root,0,root→nmod,27,changes
root,0,root→acl,24,changes
root,0,root→xcomp,23,changes
root,0,root→punct,21,changes
root,0,root→det,19,changes
root,0,root→nummod,15,changes
root,0,root→nsubj,13,changes
root,0,root→parataxis,10,changes
root,0,root→nmod:poss,10,changes
root,0,root→advmod,9,changes
root,0,root→appos,9,changes
root,0,root→advcl,8,changes
root,0,root→obl:unmarked,7,changes
root,0,root→compound:prt,6,changes
root,0,root→aux:pass,5,changes
root,0,root→ccomp,3,changes
root,0,root→flat,3,changes
root,0,root→cc,3,changes
root,0,root→nmod:unmarked,3,changes
root,0,root→conj,2,changes
root,0,root→cop,2,changes
root,0,root→dislocated,1,changes
root,0,root→obl:agent,1,changes
root,0,root→iobj,1,changes
root,0,root→nsubj:pass,1,changes
root,0,root→dep,1,changes
root,0,root→discourse,1,changes
root,0,root→aux,1,changes
root,0,root→acl:relcl,1,changes
root,0,root→csubj,1,changes
root,0,root→cc:preconj,1,changes
said,0,said→says,3,changes
saved,0,saved→saves,1,changes
seeking,0,seeking→seek,1,changes
semicolon,0,semicolon→,5,changes
sowing,0,sowing→sow,1,changes
super,0,super→Super,1,changes
terraces,0,terraces→terrace,1,changes
that,0,that→:,10,changes
thrashed,0,thrashed→thrash,2,changes
took,0,took→take,1,changes
torched,0,torched→torch,1,changes
traced,0,traced→trace,1,changes
verbal,0,verbal→verbless,159,changes
vocative,0,vocative→appos,1,changes
vocative,0,vocative→nsubj,1,changes
will,0,will→Will,1,changes
xcomp,0,xcomp→obj,17,changes
xcomp,0,xcomp→case,9,changes
xcomp,0,xcomp→punct,9,changes
xcomp,0,xcomp→compound,6,changes
xcomp,0,xcomp→amod,6,changes
xcomp,0,xcomp→obl,5,changes
xcomp,0,xcomp→acl,3,changes
xcomp,0,xcomp→advmod,3,changes
xcomp,0,xcomp→nummod,2,changes
xcomp,0,xcomp→compound:prt,2,changes
xcomp,0,xcomp→parataxis,1,changes
xcomp,0,xcomp→obl:unmarked,1,changes
xcomp,0,xcomp→det,1,changes
xcomp,0,xcomp→root,1,changes
xcomp,0,xcomp→advcl,1,changes
xcomp,0,xcomp→nmod:poss,1,changes
yet,0,yet→Yet,1,changes
youths,0,youths→youth,1,changes
ADJ-DEL,0,ADJ-DEL→ABSENT,59,deletions
ADJP-REM,0,ADJP-REM→ABSENT,25,deletions
ADP-DEL,0,ADP-DEL→ABSENT,49,deletions
ADV-DEL,0,ADV-DEL→ABSENT,7,deletions
ADVP-REM,0,ADVP-REM→ABSENT,6,deletions
ART-DEL,0,ART-DEL→ABSENT,622,deletions
AUX-DEL,0,AUX-DEL→ABSENT,836,deletions
CCONJ-DEL,0,CCONJ-DEL→ABSENT,57,deletions
NOUN-DEL,0,NOUN-DEL→ABSENT,149,deletions
NP-REM,0,NP-REM→ABSENT,4,deletions
PP-REM,0,PP-REM→ABSENT,13,deletions
PRON-PERS-DEL,0,PRON-PERS-DEL→ABSENT,61,deletions
QP-REM,0,QP-REM→ABSENT,16,deletions
SBAR-REM,0,SBAR-REM→ABSENT,58,deletions
SCONJ-DEL,0,SCONJ-DEL→ABSENT,36,deletions
VERB-DEL,0,VERB-DEL→ABSENT,232,deletions
VP-REM,0,VP-REM→ABSENT,156,deletions
BRANCH-DIFF,1,1.00→1.00,225,most_common
BRANCH-DIFF,2,1.50→1.50,52,most_common
BRANCH-DIFF,3,2.00→2.00,47,most_common
BRANCH-DIFF,4,2.00→1.80,43,most_common
BRANCH-DIFF,5,2.00→1.50,34,most_common
BRANCH-DIFF,6,2.00→1.86,27,most_common
BRANCH-DIFF,7,1.80→1.60,25,most_common
BRANCH-DIFF,8,2.00→1.67,23,most_common
BRANCH-DIFF,9,2.00→1.83,20,most_common
BRANCH-DIFF,10,2.00→1.75,17,most_common
C-ADD,1,ABSENT→NOUN-ADD,153,most_common
C-ADD,2,ABSENT→VERB-ADD,33,most_common
C-ADD,3,ABSENT→ADJ-ADD,7,most_common
C-ADD,4,ABSENT→ADV-ADD,7,most_common
C-DEL,1,VERB-DEL→ABSENT,232,most_common
C-DEL,2,NOUN-DEL→ABSENT,149,most_common
C-DEL,3,ADJ-DEL→ABSENT,59,most_common
C-DEL,4,ADV-DEL→ABSENT,7,most_common
CLAUSE-TYPE-CHG,1,Part→Fin,498,most_common
CLAUSE-TYPE-CHG,2,Fin→Part,335,most_common
CLAUSE-TYPE-CHG,3,Fin→Inf,269,most_common
CLAUSE-TYPE-CHG,4,Inf→Fin,174,most_common
CLAUSE-TYPE-CHG,5,verbal→verbless,159,most_common
CLAUSE-TYPE-CHG,6,Fin→Ger,49,most_common
CLAUSE-TYPE-CHG,7,Ger→Fin,16,most_common
CONST-ADD,1,ABSENT→ADVP-ADD,33,most_common
CONST-ADD,2,ABSENT→SBAR-ADD,23,most_common
CONST-ADD,3,ABSENT→ADJP-ADD,13,most_common
CONST-ADD,4,ABSENT→PP-ADD,11,most_common
CONST-ADD,5,ABSENT→VP-ADD,11,most_common
CONST-COUNT-DIFF,1,3→3,211,most_common
CONST-COUNT-DIFF,2,4→4,45,most_common
CONST-COUNT-DIFF,3,5→4,27,most_common
CONST-COUNT-DIFF,4,10→9,25,most_common
CONST-COUNT-DIFF,5,21→16,21,most_common
CONST-COUNT-DIFF,6,6→6,19,most_common
CONST-COUNT-DIFF,7,9→8,19,most_common
CONST-COUNT-DIFF,8,17→14,18,most_common
CONST-COUNT-DIFF,9,5→5,18,most_common
CONST-COUNT-DIFF,10,12→11,17,most_common
CONST-MOV,1,CONST-FRONT→CONST-FRONT,5307,most_common
CONST-MOV,2,CONST-POST→CONST-POST,398,most_common
CONST-REM,1,VP-REM→ABSENT,156,most_common
CONST-REM,2,SBAR-REM→ABSENT,58,most_common
CONST-REM,3,ADJP-REM→ABSENT,25,most_common
CONST-REM,4,QP-REM→ABSENT,16,most_common
CONST-REM,5,PP-REM→ABSENT,13,most_common
CONST-REM,6,ADVP-REM→ABSENT,6,most_common
CONST-REM,7,NP-REM→ABSENT,4,most_common
DEP-DIST-DIFF,1,0.00→0.00,225,most_common
DEP-DIST-DIFF,2,1.00→1.00,92,most_common
DEP-DIST-DIFF,3,2.00→1.50,45,most_common
DEP-DIST-DIFF,4,1.50→1.50,30,most_common
DEP-DIST-DIFF,5,2.00→2.00,21,most_common
DEP-DIST-DIFF,6,1.33→1.50,20,most_common
DEP-DIST-DIFF,7,2.50→2.00,19,most_common
DEP-DIST-DIFF,8,1.75→1.33,18,most_common
DEP-DIST-DIFF,9,1.33→1.33,17,most_common
DEP-DIST-DIFF,10,2.00→1.33,12,most_common
DEP-REL-CHG,1,nsubj→root,186,most_common
DEP-REL-CHG,2,det→compound,177,most_common
DEP-REL-CHG,3,aux→root,132,most_common
DEP-REL-CHG,4,nsubj:pass→root,127,most_common
DEP-REL-CHG,5,det→nsubj,119,most_common
DEP-REL-CHG,6,root→case,118,most_common
DEP-REL-CHG,7,case→obl,111,most_common
DEP-REL-CHG,8,case→nmod,91,most_common
DEP-REL-CHG,9,root→obj,83,most_common
DEP-REL-CHG,10,case→compound,81,most_common
FEAT-CHG,1,Tense=Past→Tense=Pres,27,most_common
FEAT-CHG,2,Mood=ABSENT→Mood=Ind,9,most_common
FEAT-CHG,3,Tense=ABSENT→Tense=Pres,9,most_common
FEAT-CHG,4,Number=ABSENT→Number=Sing,8,most_common
FEAT-CHG,5,Person=ABSENT→Person=3,8,most_common
FEAT-CHG,6,Number=Plur→Number=Sing,8,most_common
FEAT-CHG,7,Number=Sing→Number=Plur,6,most_common
FEAT-CHG,8,VerbForm=ABSENT→VerbForm=Fin,5,most_common
FEAT-CHG,9,VerbForm=Part→VerbForm=Fin,4,most_common
FEAT-CHG,10,Number=Sing→Number=ABSENT,4,most_common
FORM-CHG,1,'→‘,54,most_common
FORM-CHG,2,'s→’s,36,most_common
FORM-CHG,3,'→’,17,most_common
FORM-CHG,4,n't→n’t,4,most_common
FORM-CHG,5,said→says,3,most_common
FORM-CHG,6,thrashed→thrash,2,most_common
FORM-CHG,7,got→gets,2,most_common
FORM-CHG,8,December→Dec.,2,most_common
FORM-CHG,9,linked→link,1,most_common
FORM-CHG,10,been→was,1,most_common
FW-ADD,1,ABSENT→ADP-ADD,28,most_common
FW-ADD,2,ABSENT→AUX-ADD,13,most_common
FW-ADD,3,ABSENT→PRON-PERS-ADD,5,most_common
FW-ADD,4,ABSENT→ART-ADD,2,most_common
FW-ADD,5,ABSENT→SCONJ-ADD,1,most_common
FW-DEL,1,AUX-DEL→ABSENT,836,most_common
FW-DEL,2,ART-DEL→ABSENT,622,most_common
FW-DEL,3,PRON-PERS-DEL→ABSENT,61,most_common
FW-DEL,4,CCONJ-DEL→ABSENT,57,most_common
FW-DEL,5,ADP-DEL→ABSENT,49,most_common
FW-DEL,6,SCONJ-DEL→ABSENT,36,most_common
H-STRUCT,1,→single-line,1460,most_common
H-STRUCT,2,→micro-discourse,40,most_common
H-TYPE,1,→fragment,920,most_common
H-TYPE,2,→non-fragment,580,most_common
HEAD-CHG,1,3→2,41,most_common
HEAD-CHG,2,4→3,34,most_common
HEAD-CHG,3,5→4,18,most_common
HEAD-CHG,4,6→5,12,most_common
HEAD-CHG,5,8→7,11,most_common
HEAD-CHG,6,7→6,10,most_common
HEAD-CHG,7,6→8,6,most_common
HEAD-CHG,8,6→7,6,most_common
HEAD-CHG,9,5→6,5,most_common
HEAD-CHG,10,3→4,5,most_common
LEMMA-CHG,1,Adivasis→adivasis,2,most_common
LEMMA-CHG,2,bookworm→Bookworms,2,most_common
LEMMA-CHG,3,eared→eare,1,most_common
LEMMA-CHG,4,alliance→Alliance,1,most_common
LEMMA-CHG,5,diwa→Diwas,1,most_common
LEMMA-CHG,6,SCTIMST→sctimst,1,most_common
LEMMA-CHG,7,Operation→operation,1,most_common
LEMMA-CHG,8,sowing→sow,1,most_common
LEMMA-CHG,9,copd→COPD,1,most_common
LEMMA-CHG,10,junction→Junction,1,most_common
LENGTH-CHG,1,4→3,60,most_common
LENGTH-CHG,2,5→4,46,most_common
LENGTH-CHG,3,10→8,42,most_common
LENGTH-CHG,4,10→7,41,most_common
LENGTH-CHG,5,3→2,37,most_common
LENGTH-CHG,6,8→6,35,most_common
LENGTH-CHG,7,12→8,33,most_common
LENGTH-CHG,8,8→7,33,most_common
LENGTH-CHG,9,11→7,32,most_common
LENGTH-CHG,10,6→5,32,most_common
POS-CHG,1,VERB→NOUN,34,most_common
POS-CHG,2,NOUN→VERB,30,most_common
POS-CHG,3,NOUN→ADJ,8,most_common
POS-CHG,4,ADJ→VERB,6,most_common
POS-CHG,5,ADJ→NOUN,5,most_common
PUNCT-ADD,1,→comma,69,most_common
PUNCT-ADD,2,→colon,69,most_common
PUNCT-ADD,3,→apostrophe,39,most_common
PUNCT-ADD,4,→period,4,most_common
PUNCT-ADD,5,→hyphen,4,most_common
PUNCT-ADD,6,→slash,2,most_common
PUNCT-ADD,7,→question mark,1,most_common
PUNCT-ADD,8,→dash,1,most_common
PUNCT-ADD,9,→semicolon,1,most_common
PUNCT-DEL,1,period→,1088,most_common
PUNCT-DEL,2,apostrophe→,88,most_common
PUNCT-DEL,3,comma→,28,most_common
PUNCT-DEL,4,hyphen→,9,most_common
PUNCT-DEL,5,semicolon→,5,most_common
PUNCT-DEL,6,quote→,3,most_common
PUNCT-SUBST,1,"and→,",51,most_common
PUNCT-SUBST,2,that→:,10,most_common
PUNCT-SUBST,3,and→:,5,most_common
PUNCT-SUBST,4,and→;,1,most_common
TED-KLEIN,1,2→2,170,most_common
TED-KLEIN,2,12→12,131,most_common
TED-KLEIN,3,10→10,104,most_common
TED-KLEIN,4,14→14,87,most_common
TED-KLEIN,5,13→13,71,most_common
TED-KLEIN,6,11→11,57,most_common
TED-KLEIN,7,15→15,55,most_common
TED-KLEIN,8,7→7,55,most_common
TED-KLEIN,9,17→17,44,most_common
TED-KLEIN,10,9→9,43,most_common
TED-RTED,1,2→2,171,most_common
TED-RTED,2,6→6,96,most_common
TED-RTED,3,9→9,96,most_common
TED-RTED,4,12→12,76,most_common
TED-RTED,5,11→11,64,most_common
TED-RTED,6,8→8,60,most_common
TED-RTED,7,10→10,56,most_common
TED-RTED,8,7→7,54,most_common
TED-RTED,9,13→13,51,most_common
TED-RTED,10,4→4,48,most_common
TED-SIMPLE,1,10→10,771,most_common
TED-SIMPLE,2,1→1,78,most_common
TED-SIMPLE,3,9→9,54,most_common
TED-SIMPLE,4,6→6,42,most_common
TED-SIMPLE,5,8→8,33,most_common
TED-SIMPLE,6,5→5,25,most_common
TED-SIMPLE,7,7→7,22,most_common
TED-SIMPLE,8,4→4,16,most_common
TED-SIMPLE,9,2→2,10,most_common
TED-SIMPLE,10,3→3,7,most_common
TED-ZHANG-SHASHA,1,2→2,171,most_common
TED-ZHANG-SHASHA,2,6→6,98,most_common
TED-ZHANG-SHASHA,3,9→9,82,most_common
TED-ZHANG-SHASHA,4,12→12,76,most_common
TED-ZHANG-SHASHA,5,13→13,61,most_common
TED-ZHANG-SHASHA,6,8→8,59,most_common
TED-ZHANG-SHASHA,7,10→10,59,most_common
TED-ZHANG-SHASHA,8,11→11,59,most_common
TED-ZHANG-SHASHA,9,7→7,55,most_common
TED-ZHANG-SHASHA,10,4→4,53,most_common
TOKEN-REORDER,1,POST→POST,4,most_common
TOKEN-REORDER,2,FRONT→FRONT,2,most_common
TREE-DEPTH-DIFF,1,3→3,340,most_common
TREE-DEPTH-DIFF,2,6→6,131,most_common
TREE-DEPTH-DIFF,3,5→5,112,most_common
TREE-DEPTH-DIFF,4,7→6,94,most_common
TREE-DEPTH-DIFF,5,7→7,80,most_common
TREE-DEPTH-DIFF,6,6→5,79,most_common
TREE-DEPTH-DIFF,7,8→6,51,most_common
TREE-DEPTH-DIFF,8,8→8,49,most_common
TREE-DEPTH-DIFF,9,8→7,47,most_common
TREE-DEPTH-DIFF,10,4→4,40,most_common
VERB-FORM-CHG,1,Part→Fin,4,most_common
VERB-FORM-CHG,2,Ger→Part,4,most_common
VERB-FORM-CHG,3,Fin→Inf,1,most_common
VERB-FORM-CHG,4,Inf→Part,1,most_common
VERB-FORM-CHG,5,Inf→Fin,1,most_common
0.00,0,0.00→0.00,225,null_changes
1,0,1→1,78,null_changes
1.00,0,1.00→1.00,225,null_changes
1.25,0,1.25→1.25,10,null_changes
1.33,0,1.33→1.33,3,null_changes
1.40,0,1.40→1.40,7,null_changes
1.50,0,1.50→1.50,52,null_changes
1.57,0,1.57→1.57,1,null_changes
1.60,0,1.60→1.60,3,null_changes
1.62,0,1.62→1.62,1,null_changes
1.67,0,1.67→1.67,3,null_changes
1.71,0,1.71→1.71,1,null_changes
1.73,0,1.73→1.73,1,null_changes
1.75,0,1.75→1.75,5,null_changes
1.80,0,1.80→1.80,4,null_changes
1.83,0,1.83→1.83,7,null_changes
1.86,0,1.86→1.86,2,null_changes
1.89,0,1.89→1.89,1,null_changes
1.91,0,1.91→1.91,1,null_changes
1.92,0,1.92→1.92,2,null_changes
10,0,10→10,6,null_changes
11,0,11→11,4,null_changes
12,0,12→12,8,null_changes
13,0,13→13,5,null_changes
14,0,14→14,5,null_changes
15,0,15→15,11,null_changes
16,0,16→16,2,null_changes
17,0,17→17,5,null_changes
18,0,18→18,1,null_changes
19,0,19→19,5,null_changes
2,0,2→2,14,null_changes
2.00,0,2.00→2.00,47,null_changes
2.17,0,2.17→2.17,1,null_changes
2.20,0,2.20→2.20,1,null_changes
2.25,0,2.25→2.25,1,null_changes
2.29,0,2.29→2.29,1,null_changes
2.33,0,2.33→2.33,4,null_changes
2.36,0,2.36→2.36,1,null_changes
2.38,0,2.38→2.38,1,null_changes
2.44,0,2.44→2.44,1,null_changes
2.50,0,2.50→2.50,10,null_changes
2.56,0,2.56→2.56,1,null_changes
2.62,0,2.62→2.62,1,null_changes
2.64,0,2.64→2.64,1,null_changes
2.71,0,2.71→2.71,1,null_changes
2.89,0,2.89→2.89,1,null_changes
20,0,20→20,7,null_changes
21,0,21→21,10,null_changes
22,0,22→22,3,null_changes
23,0,23→23,4,null_changes
24,0,24→24,10,null_changes
25,0,25→25,7,null_changes
26,0,26→26,3,null_changes
27,0,27→27,1,null_changes
28,0,28→28,5,null_changes
29,0,29→29,3,null_changes
3,0,3→3,211,null_changes
3.00,0,3.00→3.00,1,null_changes
3.14,0,3.14→3.14,1,null_changes
3.50,0,3.50→3.50,1,null_changes
30,0,30→30,2,null_changes
31,0,31→31,2,null_changes
32,0,32→32,2,null_changes
33,0,33→33,1,null_changes
34,0,34→34,3,null_changes
35,0,35→35,2,null_changes
36,0,36→36,2,null_changes
37,0,37→37,1,null_changes
4,0,4→4,45,null_changes
40,0,40→40,1,null_changes
41,0,41→41,1,null_changes
5,0,5→5,18,null_changes
6,0,6→6,19,null_changes
7,0,7→7,8,null_changes
8,0,8→8,15,null_changes
9,0,9→9,5,null_changes
CONST-FRONT,0,CONST-FRONT→CONST-FRONT,5307,null_changes
CONST-POST,0,CONST-POST→CONST-POST,398,null_changes
FRONT,0,FRONT→FRONT,2,null_changes
POST,0,POST→POST,4,null_changes
