feature_id,canonical_value,headline_value,transformation,count
C-ADD,ABSENT,NOUN-ADD,ABSENT→NOUN-ADD,379
C-ADD,ABSENT,VERB-ADD,ABSENT→VERB-ADD,93
C-ADD,ABSENT,ADJ-ADD,ABSENT→ADJ-ADD,58
C-ADD,ABSENT,ADV-ADD,ABSENT→ADV-ADD,10
C-DEL,NOUN-DEL,ABSENT,NOUN-DEL→ABSENT,340
C-DEL,VERB-DEL,ABSENT,VERB-DEL→ABSENT,264
C-DEL,ADJ-DEL,ABSENT,ADJ-DEL→ABSENT,106
C-DEL,ADV-DEL,ABSENT,ADV-DEL→ABSENT,10
CLAUSE-TYPE-CHG,Part,Fin,Part→Fin,986
CLAUSE-TYPE-CHG,Fin,Part,Fin→Part,631
CLAUSE-TYPE-CHG,Fin,Inf,Fin→Inf,507
CLAUSE-TYPE-CHG,Inf,Fin,Inf→Fin,363
CLAUSE-TYPE-CHG,Fin,Ger,Fin→Ger,116
CLAUSE-TYPE-CHG,Ger,Fin,Ger→Fin,76
CLAUSE-TYPE-CHG,verbal,verbless,verbal→verbless,49
CONST-ADD,ABSENT,ADJP-ADD,ABSENT→ADJP-ADD,44
CONST-ADD,ABSENT,SBAR-ADD,ABSENT→SBAR-ADD,40
CONST-ADD,ABSENT,ADVP-ADD,ABSENT→ADVP-ADD,22
CONST-ADD,ABSENT,PP-ADD,ABSENT→PP-ADD,14
CONST-ADD,ABSENT,QP-ADD,ABSENT→QP-ADD,4
CONST-MOV,CONST-FRONT,CONST-FRONT,CONST-FRONT→CONST-FRONT,10743
CONST-MOV,CONST-POST,CONST-POST,CONST-POST→CONST-POST,742
CONST-REM,SBAR-REM,ABSENT,SBAR-REM→ABSENT,130
CONST-REM,VP-REM,ABSENT,VP-REM→ABSENT,40
CONST-REM,PP-REM,ABSENT,PP-REM→ABSENT,34
CONST-REM,ADJP-REM,ABSENT,ADJP-REM→ABSENT,25
CONST-REM,ADVP-REM,ABSENT,ADVP-REM→ABSENT,13
CONST-REM,QP-REM,ABSENT,QP-REM→ABSENT,12
DEP-REL-CHG,det,compound,det→compound,272
DEP-REL-CHG,nsubj,root,nsubj→root,212
DEP-REL-CHG,aux,root,aux→root,176
DEP-REL-CHG,case,obl,case→obl,167
DEP-REL-CHG,case,compound,case→compound,153
DEP-REL-CHG,root,case,root→case,143
DEP-REL-CHG,det,nsubj,det→nsubj,136
DEP-REL-CHG,case,nmod,case→nmod,135
DEP-REL-CHG,det,case,det→case,115
DEP-REL-CHG,obl,punct,obl→punct,107
DEP-REL-CHG,obj,case,obj→case,106
DEP-REL-CHG,compound,nsubj,compound→nsubj,104
DEP-REL-CHG,root,obj,root→obj,104
DEP-REL-CHG,det,amod,det→amod,94
DEP-REL-CHG,case,punct,case→punct,86
DEP-REL-CHG,case,amod,case→amod,84
DEP-REL-CHG,punct,compound,punct→compound,84
DEP-REL-CHG,compound,obj,compound→obj,83
DEP-REL-CHG,compound,case,compound→case,81
DEP-REL-CHG,case,root,case→root,80
DEP-REL-CHG,det,obl,det→obl,78
DEP-REL-CHG,compound,punct,compound→punct,76
DEP-REL-CHG,root,compound,root→compound,75
DEP-REL-CHG,det,obj,det→obj,73
DEP-REL-CHG,det,punct,det→punct,72
DEP-REL-CHG,det,root,det→root,72
DEP-REL-CHG,nsubj,case,nsubj→case,71
DEP-REL-CHG,compound,obl,compound→obl,66
DEP-REL-CHG,aux,mark,aux→mark,66
DEP-REL-CHG,aux,case,aux→case,65
DEP-REL-CHG,amod,compound,amod→compound,64
DEP-REL-CHG,nsubj:pass,root,nsubj:pass→root,63
DEP-REL-CHG,det,nmod,det→nmod,62
DEP-REL-CHG,nsubj,compound,nsubj→compound,60
DEP-REL-CHG,aux:pass,case,aux:pass→case,60
DEP-REL-CHG,obl,case,obl→case,58
DEP-REL-CHG,amod,nsubj,amod→nsubj,57
DEP-REL-CHG,punct,amod,punct→amod,57
DEP-REL-CHG,root,amod,root→amod,57
DEP-REL-CHG,nmod:poss,case,nmod:poss→case,57
DEP-REL-CHG,root,obl,root→obl,57
DEP-REL-CHG,compound,root,compound→root,56
DEP-REL-CHG,amod,case,amod→case,52
DEP-REL-CHG,nsubj:pass,case,nsubj:pass→case,51
DEP-REL-CHG,aux,obj,aux→obj,51
DEP-REL-CHG,compound,nmod,compound→nmod,51
DEP-REL-CHG,punct,case,punct→case,51
DEP-REL-CHG,obj,obl,obj→obl,50
DEP-REL-CHG,punct,nsubj,punct→nsubj,49
DEP-REL-CHG,mark,obj,mark→obj,46
DEP-REL-CHG,nmod,case,nmod→case,46
DEP-REL-CHG,root,nummod,root→nummod,44
DEP-REL-CHG,root,mark,root→mark,43
DEP-REL-CHG,nsubj,mark,nsubj→mark,42
DEP-REL-CHG,aux,compound,aux→compound,42
DEP-REL-CHG,obl,compound,obl→compound,42
DEP-REL-CHG,obj,punct,obj→punct,42
DEP-REL-CHG,nsubj,obj,nsubj→obj,41
DEP-REL-CHG,punct,obj,punct→obj,41
DEP-REL-CHG,mark,advcl,mark→advcl,39
DEP-REL-CHG,amod,obj,amod→obj,39
DEP-REL-CHG,mark,case,mark→case,38
DEP-REL-CHG,punct,appos,punct→appos,38
DEP-REL-CHG,punct,root,punct→root,37
DEP-REL-CHG,obj,nmod,obj→nmod,37
DEP-REL-CHG,nummod,compound,nummod→compound,37
DEP-REL-CHG,root,punct,root→punct,37
DEP-REL-CHG,case,nsubj,case→nsubj,36
DEP-REL-CHG,nsubj:pass,nsubj,nsubj:pass→nsubj,36
DEP-REL-CHG,obj,compound,obj→compound,36
DEP-REL-CHG,obl,nmod,obl→nmod,35
DEP-REL-CHG,nsubj,aux,nsubj→aux,34
DEP-REL-CHG,aux:pass,root,aux:pass→root,34
DEP-REL-CHG,aux,acl,aux→acl,34
DEP-REL-CHG,case,nummod,case→nummod,34
DEP-REL-CHG,amod,obl,amod→obl,33
DEP-REL-CHG,amod,nmod,amod→nmod,33
DEP-REL-CHG,mark,compound,mark→compound,32
DEP-REL-CHG,compound,amod,compound→amod,32
DEP-REL-CHG,nsubj,amod,nsubj→amod,32
DEP-REL-CHG,advcl,obj,advcl→obj,32
DEP-REL-CHG,root,xcomp,root→xcomp,31
DEP-REL-CHG,root,acl,root→acl,31
DEP-REL-CHG,amod,root,amod→root,30
DEP-REL-CHG,punct,obl,punct→obl,30
DEP-REL-CHG,root,det,root→det,30
DEP-REL-CHG,det,nummod,det→nummod,30
DEP-REL-CHG,root,nsubj,root→nsubj,29
DEP-REL-CHG,det,nmod:poss,det→nmod:poss,29
DEP-REL-CHG,cc,case,cc→case,28
DEP-REL-CHG,mark,nsubj,mark→nsubj,28
DEP-REL-CHG,xcomp,case,xcomp→case,28
DEP-REL-CHG,aux:pass,obl,aux:pass→obl,28
DEP-REL-CHG,cc,conj,cc→conj,28
DEP-REL-CHG,amod,punct,amod→punct,27
DEP-REL-CHG,root,advmod,root→advmod,27
DEP-REL-CHG,case,nmod:poss,case→nmod:poss,27
DEP-REL-CHG,nummod,punct,nummod→punct,27
DEP-REL-CHG,nsubj,punct,nsubj→punct,26
DEP-REL-CHG,compound,flat,compound→flat,26
DEP-REL-CHG,flat,root,flat→root,25
DEP-REL-CHG,nmod,punct,nmod→punct,25
DEP-REL-CHG,nummod,case,nummod→case,25
DEP-REL-CHG,aux:pass,compound,aux:pass→compound,24
DEP-REL-CHG,obj,mark,obj→mark,24
DEP-REL-CHG,root,nmod:poss,root→nmod:poss,23
DEP-REL-CHG,ccomp,case,ccomp→case,23
DEP-REL-CHG,nmod:poss,compound,nmod:poss→compound,23
DEP-REL-CHG,case,det,case→det,23
DEP-REL-CHG,nummod,obj,nummod→obj,22
DEP-REL-CHG,punct,parataxis,punct→parataxis,22
DEP-REL-CHG,nsubj,advmod,nsubj→advmod,21
DEP-REL-CHG,nsubj,flat,nsubj→flat,21
DEP-REL-CHG,obj,amod,obj→amod,21
DEP-REL-CHG,nsubj:pass,aux:pass,nsubj:pass→aux:pass,21
DEP-REL-CHG,case,flat,case→flat,20
DEP-REL-CHG,obj,advcl,obj→advcl,20
DEP-REL-CHG,cop,case,cop→case,20
DEP-REL-CHG,acl,case,acl→case,20
DEP-REL-CHG,flat,case,flat→case,20
DEP-REL-CHG,punct,nmod,punct→nmod,20
DEP-REL-CHG,nsubj,parataxis,nsubj→parataxis,20
DEP-REL-CHG,obj,flat,obj→flat,20
DEP-REL-CHG,xcomp,obl,xcomp→obl,19
DEP-REL-CHG,punct,flat,punct→flat,19
DEP-REL-CHG,case,mark,case→mark,19
DEP-REL-CHG,aux,punct,aux→punct,19
DEP-REL-CHG,mark,punct,mark→punct,19
DEP-REL-CHG,case,obj,case→obj,18
DEP-REL-CHG,conj,obj,conj→obj,18
DEP-REL-CHG,det,parataxis,det→parataxis,18
DEP-REL-CHG,ccomp,compound,ccomp→compound,17
DEP-REL-CHG,punct,advmod,punct→advmod,17
DEP-REL-CHG,mark,amod,mark→amod,17
DEP-REL-CHG,root,flat,root→flat,17
DEP-REL-CHG,advcl,case,advcl→case,17
DEP-REL-CHG,nmod,root,nmod→root,17
DEP-REL-CHG,det,advmod,det→advmod,16
DEP-REL-CHG,conj,case,conj→case,16
DEP-REL-CHG,compound,nummod,compound→nummod,16
DEP-REL-CHG,nsubj:pass,acl,nsubj:pass→acl,16
DEP-REL-CHG,compound,acl,compound→acl,16
DEP-REL-CHG,xcomp,compound,xcomp→compound,16
DEP-REL-CHG,det,mark,det→mark,16
DEP-REL-CHG,advcl,compound,advcl→compound,16
DEP-REL-CHG,mark,xcomp,mark→xcomp,16
DEP-REL-CHG,compound,nsubj:pass,compound→nsubj:pass,16
DEP-REL-CHG,compound,parataxis,compound→parataxis,16
DEP-REL-CHG,compound,nmod:poss,compound→nmod:poss,16
DEP-REL-CHG,ccomp,obj,ccomp→obj,15
DEP-REL-CHG,advmod,obj,advmod→obj,15
DEP-REL-CHG,nsubj,nmod:poss,nsubj→nmod:poss,15
DEP-REL-CHG,det,nsubj:pass,det→nsubj:pass,15
DEP-REL-CHG,obl,nsubj,obl→nsubj,15
DEP-REL-CHG,aux,amod,aux→amod,15
DEP-REL-CHG,nmod:poss,obl,nmod:poss→obl,15
DEP-REL-CHG,nsubj,advcl,nsubj→advcl,15
DEP-REL-CHG,nummod,obl,nummod→obl,15
DEP-REL-CHG,aux:pass,advcl,aux:pass→advcl,15
DEP-REL-CHG,obj,nummod,obj→nummod,15
DEP-REL-CHG,obj,conj,obj→conj,14
DEP-REL-CHG,advcl,amod,advcl→amod,14
DEP-REL-CHG,nmod:poss,obj,nmod:poss→obj,14
DEP-REL-CHG,flat,nsubj,flat→nsubj,14
DEP-REL-CHG,aux:pass,xcomp,aux:pass→xcomp,14
DEP-REL-CHG,mark,root,mark→root,14
DEP-REL-CHG,compound,mark,compound→mark,14
DEP-REL-CHG,nmod:poss,nmod,nmod:poss→nmod,14
DEP-REL-CHG,nmod,compound,nmod→compound,14
DEP-REL-CHG,root,nmod,root→nmod,14
DEP-REL-CHG,ccomp,punct,ccomp→punct,14
DEP-REL-CHG,aux,nummod,aux→nummod,14
DEP-REL-CHG,nsubj:pass,mark,nsubj:pass→mark,14
DEP-REL-CHG,compound,appos,compound→appos,14
DEP-REL-CHG,nummod,nmod,nummod→nmod,14
DEP-REL-CHG,aux,advmod,aux→advmod,13
DEP-REL-CHG,nsubj,det,nsubj→det,13
DEP-REL-CHG,nsubj,obl,nsubj→obl,13
DEP-REL-CHG,case,parataxis,case→parataxis,13
DEP-REL-CHG,obj,cc,obj→cc,13
DEP-REL-CHG,aux,nsubj,aux→nsubj,13
DEP-REL-CHG,root,compound:prt,root→compound:prt,13
DEP-REL-CHG,case,appos,case→appos,13
DEP-REL-CHG,nummod,nsubj:pass,nummod→nsubj:pass,13
DEP-REL-CHG,obl,amod,obl→amod,13
DEP-REL-CHG,cc,punct,cc→punct,13
DEP-REL-CHG,det,xcomp,det→xcomp,12
DEP-REL-CHG,cop,root,cop→root,12
DEP-REL-CHG,advmod,case,advmod→case,12
DEP-REL-CHG,root,advcl,root→advcl,12
DEP-REL-CHG,ccomp,nsubj,ccomp→nsubj,12
DEP-REL-CHG,mark,advmod,mark→advmod,12
DEP-REL-CHG,nmod:poss,amod,nmod:poss→amod,12
DEP-REL-CHG,aux:pass,mark,aux:pass→mark,12
DEP-REL-CHG,amod,nsubj:pass,amod→nsubj:pass,12
DEP-REL-CHG,conj,obl,conj→obl,12
DEP-REL-CHG,mark,acl,mark→acl,12
DEP-REL-CHG,advcl,obl,advcl→obl,12
DEP-REL-CHG,advcl,punct,advcl→punct,12
DEP-REL-CHG,nummod,amod,nummod→amod,12
DEP-REL-CHG,cc,parataxis,cc→parataxis,12
DEP-REL-CHG,obj,xcomp,obj→xcomp,11
DEP-REL-CHG,nsubj,nummod,nsubj→nummod,11
DEP-REL-CHG,det,advcl,det→advcl,11
DEP-REL-CHG,obl,parataxis,obl→parataxis,11
DEP-REL-CHG,nmod,obl,nmod→obl,11
DEP-REL-CHG,xcomp,obj,xcomp→obj,11
DEP-REL-CHG,nmod,acl,nmod→acl,11
DEP-REL-CHG,nsubj:pass,compound,nsubj:pass→compound,11
DEP-REL-CHG,nsubj,cop,nsubj→cop,11
DEP-REL-CHG,nmod:poss,nsubj,nmod:poss→nsubj,11
DEP-REL-CHG,xcomp,punct,xcomp→punct,11
DEP-REL-CHG,mark,obl,mark→obl,11
DEP-REL-CHG,advmod,nsubj,advmod→nsubj,11
DEP-REL-CHG,compound:prt,case,compound:prt→case,11
DEP-REL-CHG,ccomp,nmod,ccomp→nmod,11
DEP-REL-CHG,aux,obl,aux→obl,11
DEP-REL-CHG,cc,compound,cc→compound,11
DEP-REL-CHG,amod,flat,amod→flat,11
DEP-REL-CHG,aux,aux:pass,aux→aux:pass,11
DEP-REL-CHG,nmod:poss,punct,nmod:poss→punct,11
DEP-REL-CHG,det,flat,det→flat,10
DEP-REL-CHG,case,advmod,case→advmod,10
DEP-REL-CHG,punct,mark,punct→mark,10
DEP-REL-CHG,cc,obj,cc→obj,10
DEP-REL-CHG,conj,punct,conj→punct,10
DEP-REL-CHG,nsubj,conj,nsubj→conj,10
DEP-REL-CHG,nsubj,ccomp,nsubj→ccomp,10
DEP-REL-CHG,amod,mark,amod→mark,10
DEP-REL-CHG,obl,root,obl→root,10
DEP-REL-CHG,obj,root,obj→root,10
DEP-REL-CHG,obl,nummod,obl→nummod,10
DEP-REL-CHG,nummod,appos,nummod→appos,10
DEP-REL-CHG,obl,obj,obl→obj,10
DEP-REL-CHG,punct,nummod,punct→nummod,10
DEP-REL-CHG,det,acl,det→acl,9
DEP-REL-CHG,obj,det,obj→det,9
DEP-REL-CHG,nsubj,acl,nsubj→acl,9
DEP-REL-CHG,nummod,obl:unmarked,nummod→obl:unmarked,9
DEP-REL-CHG,advmod,compound,advmod→compound,9
DEP-REL-CHG,mark,nmod,mark→nmod,9
DEP-REL-CHG,det,ccomp,det→ccomp,9
DEP-REL-CHG,obj,appos,obj→appos,9
DEP-REL-CHG,punct,cop,punct→cop,9
DEP-REL-CHG,obl,flat,obl→flat,9
DEP-REL-CHG,obl,mark,obl→mark,9
DEP-REL-CHG,punct,det,punct→det,9
DEP-REL-CHG,aux,det,aux→det,9
DEP-REL-CHG,amod,appos,amod→appos,9
DEP-REL-CHG,det,appos,det→appos,9
DEP-REL-CHG,cc,nsubj,cc→nsubj,8
DEP-REL-CHG,aux,nmod,aux→nmod,8
DEP-REL-CHG,obl,cc,obl→cc,8
DEP-REL-CHG,case,conj,case→conj,8
DEP-REL-CHG,root,cop,root→cop,8
DEP-REL-CHG,nmod,flat,nmod→flat,8
DEP-REL-CHG,ccomp,obl,ccomp→obl,8
DEP-REL-CHG,advmod,obl,advmod→obl,8
DEP-REL-CHG,nsubj,nmod,nsubj→nmod,8
DEP-REL-CHG,compound,cc,compound→cc,8
DEP-REL-CHG,obl,conj,obl→conj,8
DEP-REL-CHG,obj,nmod:poss,obj→nmod:poss,8
DEP-REL-CHG,conj,nsubj,conj→nsubj,8
DEP-REL-CHG,compound,advmod,compound→advmod,8
DEP-REL-CHG,aux:pass,acl,aux:pass→acl,8
DEP-REL-CHG,punct,nmod:poss,punct→nmod:poss,8
DEP-REL-CHG,advmod,advcl,advmod→advcl,8
DEP-REL-CHG,nummod,root,nummod→root,8
DEP-REL-CHG,xcomp,mark,xcomp→mark,8
DEP-REL-CHG,obj,nsubj,obj→nsubj,8
DEP-REL-CHG,punct,obl:unmarked,punct→obl:unmarked,8
DEP-REL-CHG,amod,advmod,amod→advmod,8
DEP-REL-CHG,obl,advcl,obl→advcl,8
DEP-REL-CHG,mark,nmod:poss,mark→nmod:poss,8
DEP-REL-CHG,obj,parataxis,obj→parataxis,8
DEP-REL-CHG,obl,appos,obl→appos,8
DEP-REL-CHG,nmod,appos,nmod→appos,8
DEP-REL-CHG,compound,det,compound→det,8
DEP-REL-CHG,punct,acl,punct→acl,8
DEP-REL-CHG,nummod,nsubj,nummod→nsubj,7
DEP-REL-CHG,advmod,root,advmod→root,7
DEP-REL-CHG,ccomp,parataxis,ccomp→parataxis,7
DEP-REL-CHG,root,cc,root→cc,7
DEP-REL-CHG,flat,obj,flat→obj,7
DEP-REL-CHG,flat,mark,flat→mark,7
DEP-REL-CHG,cc,mark,cc→mark,7
DEP-REL-CHG,aux:pass,amod,aux:pass→amod,7
DEP-REL-CHG,aux:pass,nummod,aux:pass→nummod,7
DEP-REL-CHG,nmod,obj,nmod→obj,7
DEP-REL-CHG,ccomp,nmod:poss,ccomp→nmod:poss,7
DEP-REL-CHG,amod,xcomp,amod→xcomp,7
DEP-REL-CHG,mark,nummod,mark→nummod,7
DEP-REL-CHG,aux:pass,punct,aux:pass→punct,7
DEP-REL-CHG,amod,conj,amod→conj,7
DEP-REL-CHG,aux,parataxis,aux→parataxis,7
DEP-REL-CHG,punct,conj,punct→conj,7
DEP-REL-CHG,cop,obj,cop→obj,7
DEP-REL-CHG,acl,obj,acl→obj,7
DEP-REL-CHG,case,acl,case→acl,7
DEP-REL-CHG,amod,cc,amod→cc,7
DEP-REL-CHG,compound,xcomp,compound→xcomp,7
DEP-REL-CHG,obj,acl,obj→acl,7
DEP-REL-CHG,root,aux,root→aux,7
DEP-REL-CHG,conj,compound,conj→compound,7
DEP-REL-CHG,advcl,nummod,advcl→nummod,7
DEP-REL-CHG,nummod,parataxis,nummod→parataxis,7
DEP-REL-CHG,amod,acl,amod→acl,7
DEP-REL-CHG,ccomp,mark,ccomp→mark,7
DEP-REL-CHG,advcl,det,advcl→det,7
DEP-REL-CHG,aux,xcomp,aux→xcomp,7
DEP-REL-CHG,nsubj,acl:relcl,nsubj→acl:relcl,7
DEP-REL-CHG,nmod,amod,nmod→amod,7
DEP-REL-CHG,nmod,mark,nmod→mark,7
DEP-REL-CHG,aux:pass,advmod,aux:pass→advmod,7
DEP-REL-CHG,nsubj:pass,punct,nsubj:pass→punct,7
DEP-REL-CHG,aux,compound:prt,aux→compound:prt,7
DEP-REL-CHG,advmod,punct,advmod→punct,7
DEP-REL-CHG,amod,parataxis,amod→parataxis,7
DEP-REL-CHG,root,parataxis,root→parataxis,7
DEP-REL-CHG,xcomp,nsubj,xcomp→nsubj,6
DEP-REL-CHG,ccomp,root,ccomp→root,6
DEP-REL-CHG,punct,ccomp,punct→ccomp,6
DEP-REL-CHG,nsubj,xcomp,nsubj→xcomp,6
DEP-REL-CHG,aux,flat,aux→flat,6
DEP-REL-CHG,det,cc,det→cc,6
DEP-REL-CHG,mark,aux:pass,mark→aux:pass,6
DEP-REL-CHG,nsubj,nsubj:pass,nsubj→nsubj:pass,6
DEP-REL-CHG,conj,nmod,conj→nmod,6
DEP-REL-CHG,punct,cc,punct→cc,6
DEP-REL-CHG,root,nsubj:pass,root→nsubj:pass,6
DEP-REL-CHG,nsubj,cc,nsubj→cc,6
DEP-REL-CHG,ccomp,xcomp,ccomp→xcomp,6
DEP-REL-CHG,case,cc,case→cc,6
DEP-REL-CHG,ccomp,advmod,ccomp→advmod,6
DEP-REL-CHG,ccomp,flat,ccomp→flat,6
DEP-REL-CHG,compound:prt,compound,compound:prt→compound,6
DEP-REL-CHG,flat,amod,flat→amod,6
DEP-REL-CHG,cop,amod,cop→amod,6
DEP-REL-CHG,aux,ccomp,aux→ccomp,6
DEP-REL-CHG,det,acl:relcl,det→acl:relcl,6
DEP-REL-CHG,xcomp,root,xcomp→root,6
DEP-REL-CHG,cop,mark,cop→mark,6
DEP-REL-CHG,cop,punct,cop→punct,6
DEP-REL-CHG,aux,advcl,aux→advcl,6
DEP-REL-CHG,nmod,parataxis,nmod→parataxis,6
DEP-REL-CHG,conj,appos,conj→appos,6
DEP-REL-CHG,punct,nsubj:pass,punct→nsubj:pass,6
DEP-REL-CHG,nmod,aux,nmod→aux,5
DEP-REL-CHG,mark,aux,mark→aux,5
DEP-REL-CHG,compound,advcl,compound→advcl,5
DEP-REL-CHG,root,ccomp,root→ccomp,5
DEP-REL-CHG,obl:unmarked,case,obl:unmarked→case,5
DEP-REL-CHG,amod,advcl,amod→advcl,5
DEP-REL-CHG,mark,parataxis,mark→parataxis,5
DEP-REL-CHG,advcl,nsubj,advcl→nsubj,5
DEP-REL-CHG,nmod,nsubj,nmod→nsubj,5
DEP-REL-CHG,cop,nsubj,cop→nsubj,5
DEP-REL-CHG,ccomp,conj,ccomp→conj,5
DEP-REL-CHG,conj,nummod,conj→nummod,5
DEP-REL-CHG,amod,nummod,amod→nummod,5
DEP-REL-CHG,flat,advmod,flat→advmod,5
DEP-REL-CHG,advmod,flat,advmod→flat,5
DEP-REL-CHG,nsubj:pass,advmod,nsubj:pass→advmod,5
DEP-REL-CHG,det,conj,det→conj,5
DEP-REL-CHG,acl,compound,acl→compound,5
DEP-REL-CHG,case,cop,case→cop,5
DEP-REL-CHG,cop,obl,cop→obl,5
DEP-REL-CHG,compound:prt,punct,compound:prt→punct,5
DEP-REL-CHG,obj,advmod,obj→advmod,5
DEP-REL-CHG,acl,root,acl→root,5
DEP-REL-CHG,mark,ccomp,mark→ccomp,5
DEP-REL-CHG,aux:pass,nmod:poss,aux:pass→nmod:poss,5
DEP-REL-CHG,punct,xcomp,punct→xcomp,5
DEP-REL-CHG,cc,appos,cc→appos,5
DEP-REL-CHG,acl:relcl,obj,acl:relcl→obj,5
DEP-REL-CHG,obl,acl,obl→acl,5
DEP-REL-CHG,ccomp,appos,ccomp→appos,5
DEP-REL-CHG,case,advcl,case→advcl,5
DEP-REL-CHG,xcomp,amod,xcomp→amod,5
DEP-REL-CHG,aux,acl:relcl,aux→acl:relcl,5
DEP-REL-CHG,nsubj,appos,nsubj→appos,5
DEP-REL-CHG,aux:pass,nmod,aux:pass→nmod,5
DEP-REL-CHG,mark,cc,mark→cc,4
DEP-REL-CHG,flat,cc,flat→cc,4
DEP-REL-CHG,root,conj,root→conj,4
DEP-REL-CHG,amod,acl:relcl,amod→acl:relcl,4
DEP-REL-CHG,nmod,nummod,nmod→nummod,4
DEP-REL-CHG,flat,obl,flat→obl,4
DEP-REL-CHG,xcomp,flat,xcomp→flat,4
DEP-REL-CHG,cop,nmod:poss,cop→nmod:poss,4
DEP-REL-CHG,aux:pass,det,aux:pass→det,4
DEP-REL-CHG,punct,aux,punct→aux,4
DEP-REL-CHG,nummod,acl,nummod→acl,4
DEP-REL-CHG,cc,amod,cc→amod,4
DEP-REL-CHG,ccomp,amod,ccomp→amod,4
DEP-REL-CHG,det,aux:pass,det→aux:pass,4
DEP-REL-CHG,acl,obl,acl→obl,4
DEP-REL-CHG,det,obl:agent,det→obl:agent,4
DEP-REL-CHG,nsubj,expl,nsubj→expl,4
DEP-REL-CHG,acl:relcl,nsubj,acl:relcl→nsubj,4
DEP-REL-CHG,flat,aux,flat→aux,4
DEP-REL-CHG,nmod:poss,flat,nmod:poss→flat,4
DEP-REL-CHG,acl,nummod,acl→nummod,4
DEP-REL-CHG,aux,cop,aux→cop,4
DEP-REL-CHG,amod,ccomp,amod→ccomp,4
DEP-REL-CHG,flat,compound,flat→compound,4
DEP-REL-CHG,nmod,aux:pass,nmod→aux:pass,4
DEP-REL-CHG,nsubj:pass,nummod,nsubj:pass→nummod,4
DEP-REL-CHG,obl,nmod:poss,obl→nmod:poss,4
DEP-REL-CHG,nmod,nmod:poss,nmod→nmod:poss,4
DEP-REL-CHG,root,obl:unmarked,root→obl:unmarked,4
DEP-REL-CHG,advmod,mark,advmod→mark,4
DEP-REL-CHG,obl:unmarked,amod,obl:unmarked→amod,4
DEP-REL-CHG,advmod,nmod,advmod→nmod,4
DEP-REL-CHG,compound,aux,compound→aux,4
DEP-REL-CHG,nsubj,aux:pass,nsubj→aux:pass,4
DEP-REL-CHG,aux:pass,obj,aux:pass→obj,4
DEP-REL-CHG,compound,ccomp,compound→ccomp,4
DEP-REL-CHG,cc,nummod,cc→nummod,4
DEP-REL-CHG,ccomp,advcl,ccomp→advcl,4
DEP-REL-CHG,iobj,obj,iobj→obj,4
DEP-REL-CHG,det,aux,det→aux,4
DEP-REL-CHG,cop,nmod,cop→nmod,4
DEP-REL-CHG,punct,advcl,punct→advcl,4
DEP-REL-CHG,nmod,det,nmod→det,4
DEP-REL-CHG,compound,conj,compound→conj,4
DEP-REL-CHG,flat,punct,flat→punct,4
DEP-REL-CHG,cc,flat,cc→flat,4
DEP-REL-CHG,case,fixed,case→fixed,4
DEP-REL-CHG,amod,aux,amod→aux,4
DEP-REL-CHG,advmod,acl,advmod→acl,4
DEP-REL-CHG,ccomp,det,ccomp→det,4
DEP-REL-CHG,advmod,fixed,advmod→fixed,4
DEP-REL-CHG,mark,flat,mark→flat,4
DEP-REL-CHG,compound:prt,obj,compound:prt→obj,4
DEP-REL-CHG,case,obl:unmarked,case→obl:unmarked,4
DEP-REL-CHG,cop,parataxis,cop→parataxis,4
DEP-REL-CHG,advmod,parataxis,advmod→parataxis,4
DEP-REL-CHG,cc,acl,cc→acl,3
DEP-REL-CHG,compound:prt,nsubj,compound:prt→nsubj,3
DEP-REL-CHG,advcl,nmod,advcl→nmod,3
DEP-REL-CHG,flat,det,flat→det,3
DEP-REL-CHG,conj,xcomp,conj→xcomp,3
DEP-REL-CHG,nmod:poss,appos,nmod:poss→appos,3
DEP-REL-CHG,flat,xcomp,flat→xcomp,3
DEP-REL-CHG,punct,aux:pass,punct→aux:pass,3
DEP-REL-CHG,xcomp,nmod:poss,xcomp→nmod:poss,3
DEP-REL-CHG,cc,advmod,cc→advmod,3
DEP-REL-CHG,conj,parataxis,conj→parataxis,3
DEP-REL-CHG,root,aux:pass,root→aux:pass,3
DEP-REL-CHG,xcomp,advmod,xcomp→advmod,3
DEP-REL-CHG,expl,obj,expl→obj,3
DEP-REL-CHG,advmod,ccomp,advmod→ccomp,3
DEP-REL-CHG,nmod:poss,cc,nmod:poss→cc,3
DEP-REL-CHG,conj,flat,conj→flat,3
DEP-REL-CHG,obl:unmarked,punct,obl:unmarked→punct,3
DEP-REL-CHG,acl,amod,acl→amod,3
DEP-REL-CHG,nummod,mark,nummod→mark,3
DEP-REL-CHG,conj,nmod:poss,conj→nmod:poss,3
DEP-REL-CHG,conj,amod,conj→amod,3
DEP-REL-CHG,obl,aux:pass,obl→aux:pass,3
DEP-REL-CHG,nmod,cc,nmod→cc,3
DEP-REL-CHG,amod,aux:pass,amod→aux:pass,3
DEP-REL-CHG,amod,obl:unmarked,amod→obl:unmarked,3
DEP-REL-CHG,acl,xcomp,acl→xcomp,3
DEP-REL-CHG,case,ccomp,case→ccomp,3
DEP-REL-CHG,iobj,nsubj,iobj→nsubj,3
DEP-REL-CHG,nmod:poss,cop,nmod:poss→cop,3
DEP-REL-CHG,cop,ccomp,cop→ccomp,3
DEP-REL-CHG,nsubj:pass,nmod,nsubj:pass→nmod,3
DEP-REL-CHG,ccomp,cc,ccomp→cc,3
DEP-REL-CHG,cop,aux:pass,cop→aux:pass,3
DEP-REL-CHG,advmod,aux,advmod→aux,3
DEP-REL-CHG,advcl,mark,advcl→mark,3
DEP-REL-CHG,nmod:unmarked,mark,nmod:unmarked→mark,3
DEP-REL-CHG,cop,flat,cop→flat,3
DEP-REL-CHG,acl:relcl,case,acl:relcl→case,3
DEP-REL-CHG,case,aux:pass,case→aux:pass,3
DEP-REL-CHG,nmod:poss,nummod,nmod:poss→nummod,3
DEP-REL-CHG,obj,obl:unmarked,obj→obl:unmarked,3
DEP-REL-CHG,nmod:poss,root,nmod:poss→root,3
DEP-REL-CHG,expl,case,expl→case,3
DEP-REL-CHG,flat,nmod:poss,flat→nmod:poss,3
DEP-REL-CHG,mark,det,mark→det,3
DEP-REL-CHG,nsubj:pass,amod,nsubj:pass→amod,3
DEP-REL-CHG,obl,advmod,obl→advmod,3
DEP-REL-CHG,mark,cop,mark→cop,3
DEP-REL-CHG,aux:pass,parataxis,aux:pass→parataxis,3
DEP-REL-CHG,compound:prt,obl,compound:prt→obl,3
DEP-REL-CHG,aux,iobj,aux→iobj,3
DEP-REL-CHG,flat,nummod,flat→nummod,3
DEP-REL-CHG,nummod,discourse,nummod→discourse,3
DEP-REL-CHG,nsubj:pass,aux,nsubj:pass→aux,3
DEP-REL-CHG,nsubj:pass,obj,nsubj:pass→obj,3
DEP-REL-CHG,acl,punct,acl→punct,3
DEP-REL-CHG,parataxis,nsubj,parataxis→nsubj,3
DEP-REL-CHG,advmod,det,advmod→det,3
DEP-REL-CHG,nmod:poss,parataxis,nmod:poss→parataxis,3
DEP-REL-CHG,mark,appos,mark→appos,3
DEP-REL-CHG,nsubj:pass,xcomp,nsubj:pass→xcomp,3
DEP-REL-CHG,expl,det,expl→det,3
DEP-REL-CHG,case,vocative,case→vocative,3
DEP-REL-CHG,fixed,amod,fixed→amod,3
DEP-REL-CHG,nsubj:pass,parataxis,nsubj:pass→parataxis,3
DEP-REL-CHG,acl:relcl,obl,acl:relcl→obl,2
DEP-REL-CHG,det,compound:prt,det→compound:prt,2
DEP-REL-CHG,aux:pass,flat,aux:pass→flat,2
DEP-REL-CHG,advcl,root,advcl→root,2
DEP-REL-CHG,punct,fixed,punct→fixed,2
DEP-REL-CHG,case,obl:agent,case→obl:agent,2
DEP-REL-CHG,mark,conj,mark→conj,2
DEP-REL-CHG,obj,aux,obj→aux,2
DEP-REL-CHG,parataxis,root,parataxis→root,2
DEP-REL-CHG,advmod,amod,advmod→amod,2
DEP-REL-CHG,nmod,cop,nmod→cop,2
DEP-REL-CHG,nmod,nsubj:pass,nmod→nsubj:pass,2
DEP-REL-CHG,nsubj:pass,advcl,nsubj:pass→advcl,2
DEP-REL-CHG,appos,flat,appos→flat,2
DEP-REL-CHG,nmod,advcl,nmod→advcl,2
DEP-REL-CHG,ccomp,obl:unmarked,ccomp→obl:unmarked,2
DEP-REL-CHG,ccomp,aux,ccomp→aux,2
DEP-REL-CHG,cc,root,cc→root,2
DEP-REL-CHG,obj,acl:relcl,obj→acl:relcl,2
DEP-REL-CHG,ccomp,cop,ccomp→cop,2
DEP-REL-CHG,nummod,ccomp,nummod→ccomp,2
DEP-REL-CHG,xcomp,advcl,xcomp→advcl,2
DEP-REL-CHG,obl,ccomp,obl→ccomp,2
DEP-REL-CHG,flat,conj,flat→conj,2
DEP-REL-CHG,conj,cc,conj→cc,2
DEP-REL-CHG,compound:prt,nmod:poss,compound:prt→nmod:poss,2
DEP-REL-CHG,xcomp,parataxis,xcomp→parataxis,2
DEP-REL-CHG,advmod,conj,advmod→conj,2
DEP-REL-CHG,iobj,compound,iobj→compound,2
DEP-REL-CHG,amod,nmod:poss,amod→nmod:poss,2
DEP-REL-CHG,nmod:poss,mark,nmod:poss→mark,2
DEP-REL-CHG,punct,iobj,punct→iobj,2
DEP-REL-CHG,advmod,nmod:poss,advmod→nmod:poss,2
DEP-REL-CHG,case,nsubj:pass,case→nsubj:pass,2
DEP-REL-CHG,acl,aux:pass,acl→aux:pass,2
DEP-REL-CHG,fixed,compound,fixed→compound,2
DEP-REL-CHG,aux:pass,compound:prt,aux:pass→compound:prt,2
DEP-REL-CHG,cc,nsubj:pass,cc→nsubj:pass,2
DEP-REL-CHG,nummod,conj,nummod→conj,2
DEP-REL-CHG,cop,acl,cop→acl,2
DEP-REL-CHG,conj,advmod,conj→advmod,2
DEP-REL-CHG,obl:unmarked,advcl,obl:unmarked→advcl,2
DEP-REL-CHG,nsubj,csubj,nsubj→csubj,2
DEP-REL-CHG,flat,compound:prt,flat→compound:prt,2
DEP-REL-CHG,cc,nmod:poss,cc→nmod:poss,2
DEP-REL-CHG,obl,det,obl→det,2
DEP-REL-CHG,amod,obl:agent,amod→obl:agent,2
DEP-REL-CHG,cc,aux:pass,cc→aux:pass,2
DEP-REL-CHG,conj,det,conj→det,2
DEP-REL-CHG,cop,compound,cop→compound,2
DEP-REL-CHG,nmod:poss,xcomp,nmod:poss→xcomp,2
DEP-REL-CHG,nsubj:pass,obl,nsubj:pass→obl,2
DEP-REL-CHG,mark,iobj,mark→iobj,2
DEP-REL-CHG,aux:pass,nsubj:pass,aux:pass→nsubj:pass,2
DEP-REL-CHG,nummod,cc,nummod→cc,2
DEP-REL-CHG,expl,amod,expl→amod,2
DEP-REL-CHG,cop,advmod,cop→advmod,2
DEP-REL-CHG,compound,cop,compound→cop,2
DEP-REL-CHG,nsubj:pass,det,nsubj:pass→det,2
DEP-REL-CHG,aux,fixed,aux→fixed,2
DEP-REL-CHG,appos,case,appos→case,2
DEP-REL-CHG,nummod,advcl,nummod→advcl,2
DEP-REL-CHG,xcomp,nummod,xcomp→nummod,2
DEP-REL-CHG,case,aux,case→aux,2
DEP-REL-CHG,mark,nsubj:pass,mark→nsubj:pass,2
DEP-REL-CHG,root,iobj,root→iobj,2
DEP-REL-CHG,cc,cop,cc→cop,2
DEP-REL-CHG,cc,advcl,cc→advcl,2
DEP-REL-CHG,aux,nmod:poss,aux→nmod:poss,2
DEP-REL-CHG,expl,nummod,expl→nummod,2
DEP-REL-CHG,conj,advcl,conj→advcl,2
DEP-REL-CHG,case,xcomp,case→xcomp,2
DEP-REL-CHG,nsubj:outer,appos,nsubj:outer→appos,2
DEP-REL-CHG,parataxis,acl,parataxis→acl,2
DEP-REL-CHG,fixed,punct,fixed→punct,2
DEP-REL-CHG,punct,dep,punct→dep,2
DEP-REL-CHG,nummod,nmod:poss,nummod→nmod:poss,2
DEP-REL-CHG,acl:relcl,compound,acl:relcl→compound,2
DEP-REL-CHG,appos,punct,appos→punct,2
DEP-REL-CHG,obl,nsubj:pass,obl→nsubj:pass,2
DEP-REL-CHG,flat,advcl,flat→advcl,2
DEP-REL-CHG,conj,root,conj→root,2
DEP-REL-CHG,fixed,nummod,fixed→nummod,2
DEP-REL-CHG,acl,advmod,acl→advmod,2
DEP-REL-CHG,iobj,case,iobj→case,2
DEP-REL-CHG,iobj,flat,iobj→flat,2
DEP-REL-CHG,conj,acl,conj→acl,2
DEP-REL-CHG,amod,compound:prt,amod→compound:prt,2
DEP-REL-CHG,iobj,punct,iobj→punct,2
DEP-REL-CHG,xcomp,nmod,xcomp→nmod,2
DEP-REL-CHG,nsubj:pass,flat,nsubj:pass→flat,2
DEP-REL-CHG,aux:pass,ccomp,aux:pass→ccomp,2
DEP-REL-CHG,iobj,xcomp,iobj→xcomp,2
DEP-REL-CHG,xcomp,det,xcomp→det,2
DEP-REL-CHG,nsubj:pass,nmod:poss,nsubj:pass→nmod:poss,2
DEP-REL-CHG,obl,nmod:unmarked,obl→nmod:unmarked,2
DEP-REL-CHG,cop,obl:unmarked,cop→obl:unmarked,2
DEP-REL-CHG,aux,obl:unmarked,aux→obl:unmarked,2
DEP-REL-CHG,ccomp,acl:relcl,ccomp→acl:relcl,2
DEP-REL-CHG,ccomp,acl,ccomp→acl,2
DEP-REL-CHG,root,appos,root→appos,2
DEP-REL-CHG,xcomp,conj,xcomp→conj,2
DEP-REL-CHG,cc,aux,cc→aux,2
DEP-REL-CHG,obl,dep,obl→dep,2
DEP-REL-CHG,nsubj,iobj,nsubj→iobj,2
DEP-REL-CHG,acl,det,acl→det,2
DEP-REL-CHG,parataxis,flat,parataxis→flat,2
DEP-REL-CHG,xcomp,compound:prt,xcomp→compound:prt,2
DEP-REL-CHG,obl:agent,punct,obl:agent→punct,2
DEP-REL-CHG,nsubj:pass,obl:unmarked,nsubj:pass→obl:unmarked,2
DEP-REL-CHG,amod,nmod:unmarked,amod→nmod:unmarked,2
DEP-REL-CHG,mark,compound:prt,mark→compound:prt,2
DEP-REL-CHG,cop,det,cop→det,2
DEP-REL-CHG,compound:prt,mark,compound:prt→mark,2
DEP-REL-CHG,cop,nmod:unmarked,cop→nmod:unmarked,2
DEP-REL-CHG,compound,compound:prt,compound→compound:prt,2
DEP-REL-CHG,punct,compound:prt,punct→compound:prt,1
DEP-REL-CHG,nsubj,nsubj:outer,nsubj→nsubj:outer,1
DEP-REL-CHG,fixed,case,fixed→case,1
DEP-REL-CHG,advmod,nummod,advmod→nummod,1
DEP-REL-CHG,nummod,nmod:unmarked,nummod→nmod:unmarked,1
DEP-REL-CHG,obl:agent,flat,obl:agent→flat,1
DEP-REL-CHG,cop,conj,cop→conj,1
DEP-REL-CHG,acl,flat,acl→flat,1
DEP-REL-CHG,cc,ccomp,cc→ccomp,1
DEP-REL-CHG,obl:agent,obl,obl:agent→obl,1
DEP-REL-CHG,compound,obl:unmarked,compound→obl:unmarked,1
DEP-REL-CHG,flat,nsubj:pass,flat→nsubj:pass,1
DEP-REL-CHG,advcl,acl,advcl→acl,1
DEP-REL-CHG,iobj,aux,iobj→aux,1
DEP-REL-CHG,amod,fixed,amod→fixed,1
DEP-REL-CHG,det:predet,nmod:poss,det:predet→nmod:poss,1
DEP-REL-CHG,expl,mark,expl→mark,1
DEP-REL-CHG,aux:pass,cc,aux:pass→cc,1
DEP-REL-CHG,nmod:poss,det,nmod:poss→det,1
DEP-REL-CHG,csubj,nummod,csubj→nummod,1
DEP-REL-CHG,nmod:poss,aux:pass,nmod:poss→aux:pass,1
DEP-REL-CHG,nmod:poss,compound:prt,nmod:poss→compound:prt,1
DEP-REL-CHG,nummod,xcomp,nummod→xcomp,1
DEP-REL-CHG,obl:agent,cc,obl:agent→cc,1
DEP-REL-CHG,aux:pass,conj,aux:pass→conj,1
DEP-REL-CHG,nmod,acl:relcl,nmod→acl:relcl,1
DEP-REL-CHG,obl:agent,mark,obl:agent→mark,1
DEP-REL-CHG,expl,acl,expl→acl,1
DEP-REL-CHG,flat,cop,flat→cop,1
DEP-REL-CHG,obl,obl:agent,obl→obl:agent,1
DEP-REL-CHG,acl,mark,acl→mark,1
DEP-REL-CHG,compound,aux:pass,compound→aux:pass,1
DEP-REL-CHG,acl:relcl,nmod:unmarked,acl:relcl→nmod:unmarked,1
DEP-REL-CHG,obj,aux:pass,obj→aux:pass,1
DEP-REL-CHG,acl:relcl,ccomp,acl:relcl→ccomp,1
DEP-REL-CHG,acl,appos,acl→appos,1
DEP-REL-CHG,cc,det,cc→det,1
DEP-REL-CHG,advcl,nmod:poss,advcl→nmod:poss,1
DEP-REL-CHG,compound:prt,nmod,compound:prt→nmod,1
DEP-REL-CHG,punct,acl:relcl,punct→acl:relcl,1
DEP-REL-CHG,aux:pass,acl:relcl,aux:pass→acl:relcl,1
DEP-REL-CHG,acl:relcl,aux:pass,acl:relcl→aux:pass,1
DEP-REL-CHG,advmod,compound:prt,advmod→compound:prt,1
DEP-REL-CHG,nsubj,obl:unmarked,nsubj→obl:unmarked,1
DEP-REL-CHG,nmod:poss,aux,nmod:poss→aux,1
DEP-REL-CHG,mark,acl:relcl,mark→acl:relcl,1
DEP-REL-CHG,compound,acl:relcl,compound→acl:relcl,1
DEP-REL-CHG,acl:relcl,root,acl:relcl→root,1
DEP-REL-CHG,det,cop,det→cop,1
DEP-REL-CHG,obj,ccomp,obj→ccomp,1
DEP-REL-CHG,root,acl:relcl,root→acl:relcl,1
DEP-REL-CHG,iobj,ccomp,iobj→ccomp,1
DEP-REL-CHG,advmod,xcomp,advmod→xcomp,1
DEP-REL-CHG,obl:unmarked,obj,obl:unmarked→obj,1
DEP-REL-CHG,det,csubj,det→csubj,1
DEP-REL-CHG,nummod,aux:pass,nummod→aux:pass,1
DEP-REL-CHG,csubj,acl,csubj→acl,1
DEP-REL-CHG,acl,ccomp,acl→ccomp,1
DEP-REL-CHG,parataxis,obl,parataxis→obl,1
DEP-REL-CHG,nmod:poss,ccomp,nmod:poss→ccomp,1
DEP-REL-CHG,advcl,dep,advcl→dep,1
DEP-REL-CHG,appos,compound,appos→compound,1
DEP-REL-CHG,root,cc:preconj,root→cc:preconj,1
DEP-REL-CHG,cc:preconj,cc,cc:preconj→cc,1
DEP-REL-CHG,conj,ccomp,conj→ccomp,1
DEP-REL-CHG,ccomp,nummod,ccomp→nummod,1
DEP-REL-CHG,root,expl,root→expl,1
DEP-REL-CHG,appos,cc,appos→cc,1
DEP-REL-CHG,obl,acl:relcl,obl→acl:relcl,1
DEP-REL-CHG,cop,advcl,cop→advcl,1
DEP-REL-CHG,compound:prt,det,compound:prt→det,1
DEP-REL-CHG,nsubj:pass,vocative,nsubj:pass→vocative,1
DEP-REL-CHG,conj,nsubj:pass,conj→nsubj:pass,1
DEP-REL-CHG,nsubj:pass,compound:prt,nsubj:pass→compound:prt,1
DEP-REL-CHG,ccomp,fixed,ccomp→fixed,1
DEP-REL-CHG,flat,appos,flat→appos,1
DEP-REL-CHG,iobj,advmod,iobj→advmod,1
DEP-REL-CHG,aux,cc,aux→cc,1
DEP-REL-CHG,conj,mark,conj→mark,1
DEP-REL-CHG,obl:agent,appos,obl:agent→appos,1
DEP-REL-CHG,obl:unmarked,nummod,obl:unmarked→nummod,1
DEP-REL-CHG,aux,det:predet,aux→det:predet,1
DEP-REL-CHG,det:predet,obj,det:predet→obj,1
DEP-REL-CHG,obj,discourse,obj→discourse,1
DEP-REL-CHG,acl:relcl,amod,acl:relcl→amod,1
DEP-REL-CHG,mark,expl,mark→expl,1
DEP-REL-CHG,expl,ccomp,expl→ccomp,1
DEP-REL-CHG,advcl,aux,advcl→aux,1
DEP-REL-CHG,acl,obl:agent,acl→obl:agent,1
DEP-REL-CHG,obl:agent,compound,obl:agent→compound,1
DEP-REL-CHG,aux:pass,fixed,aux:pass→fixed,1
DEP-REL-CHG,conj,aux:pass,conj→aux:pass,1
DEP-REL-CHG,expl,cop,expl→cop,1
DEP-REL-CHG,csubj,compound,csubj→compound,1
DEP-REL-CHG,mark,nmod:unmarked,mark→nmod:unmarked,1
DEP-REL-CHG,advcl,appos,advcl→appos,1
DEP-REL-CHG,obl,discourse,obl→discourse,1
DEP-REL-CHG,flat,dep,flat→dep,1
DEP-REL-CHG,fixed,obj,fixed→obj,1
DEP-REL-CHG,aux,appos,aux→appos,1
DEP-REL-CHG,iobj,obl,iobj→obl,1
DEP-REL-CHG,advmod,list,advmod→list,1
DEP-REL-CHG,det,dep,det→dep,1
DEP-REL-CHG,nsubj,compound:prt,nsubj→compound:prt,1
DEP-REL-CHG,det,nmod:unmarked,det→nmod:unmarked,1
DEP-REL-CHG,fixed,parataxis,fixed→parataxis,1
DEP-REL-CHG,parataxis,case,parataxis→case,1
DEP-REL-CHG,nmod,fixed,nmod→fixed,1
DEP-REL-CHG,fixed,obl,fixed→obl,1
DEP-REL-CHG,obl,cop,obl→cop,1
DEP-REL-CHG,punct,discourse,punct→discourse,1
DEP-REL-CHG,advmod,cc,advmod→cc,1
DEP-REL-CHG,cc,nmod,cc→nmod,1
DEP-REL-CHG,acl,advcl,acl→advcl,1
DEP-REL-CHG,obj,dep,obj→dep,1
DEP-REL-CHG,compound,dep,compound→dep,1
DEP-REL-CHG,acl,nmod,acl→nmod,1
DEP-REL-CHG,obl:unmarked,conj,obl:unmarked→conj,1
DEP-REL-CHG,cop,appos,cop→appos,1
DEP-REL-CHG,nummod,flat,nummod→flat,1
DEP-REL-CHG,flat,iobj,flat→iobj,1
DEP-REL-CHG,advmod,obl:unmarked,advmod→obl:unmarked,1
DEP-REL-CHG,nmod:poss,nmod:unmarked,nmod:poss→nmod:unmarked,1
DEP-REL-CHG,acl:relcl,parataxis,acl:relcl→parataxis,1
DEP-REL-CHG,advmod,appos,advmod→appos,1
DEP-REL-CHG,csubj,root,csubj→root,1
DEP-REL-CHG,conj,aux,conj→aux,1
DEP-REL-CHG,cc,discourse,cc→discourse,1
DEP-REL-CHG,punct,vocative,punct→vocative,1
DEP-REL-CHG,advmod,obl:agent,advmod→obl:agent,1
DEP-REL-CHG,cop,cc,cop→cc,1
DEP-REL-CHG,compound,obl:agent,compound→obl:agent,1
DEP-REL-CHG,compound,csubj,compound→csubj,1
DEP-REL-CHG,csubj,det,csubj→det,1
DEP-REL-CHG,flat,acl,flat→acl,1
DEP-REL-CHG,cop,xcomp,cop→xcomp,1
DEP-REL-CHG,acl,parataxis,acl→parataxis,1
DEP-REL-CHG,fixed,mark,fixed→mark,1
DEP-REL-CHG,iobj,appos,iobj→appos,1
DEP-REL-CHG,expl,advcl,expl→advcl,1
DEP-REL-CHG,csubj,nmod,csubj→nmod,1
DEP-REL-CHG,case,discourse,case→discourse,1
DEP-REL-CHG,root,nmod:unmarked,root→nmod:unmarked,1
DEP-REL-CHG,nummod,compound:prt,nummod→compound:prt,1
DEP-REL-CHG,aux,nmod:unmarked,aux→nmod:unmarked,1
DEP-REL-CHG,advmod,aux:pass,advmod→aux:pass,1
DEP-REL-CHG,dep,punct,dep→punct,1
DEP-REL-CHG,amod,cop,amod→cop,1
DEP-REL-CHG,dislocated,det,dislocated→det,1
DEP-REL-CHG,acl:relcl,punct,acl:relcl→punct,1
DEP-REL-CHG,cc,xcomp,cc→xcomp,1
DEP-REL-CHG,parataxis,punct,parataxis→punct,1
DEP-REL-CHG,conj,compound:prt,conj→compound:prt,1
DEP-REL-CHG,parataxis,amod,parataxis→amod,1
DEP-REL-CHG,csubj:pass,case,csubj:pass→case,1
DEP-REL-CHG,flat,ccomp,flat→ccomp,1
DEP-REL-CHG,xcomp,appos,xcomp→appos,1
DEP-REL-CHG,obl,csubj,obl→csubj,1
DEP-REL-CHG,nsubj,vocative,nsubj→vocative,1
DEP-REL-CHG,case,acl:relcl,case→acl:relcl,1
DEP-REL-CHG,advcl,parataxis,advcl→parataxis,1
DEP-REL-CHG,obl,obl:unmarked,obl→obl:unmarked,1
DEP-REL-CHG,obl:unmarked,nmod:poss,obl:unmarked→nmod:poss,1
DEP-REL-CHG,iobj,acl,iobj→acl,1
DEP-REL-CHG,amod,nsubj:outer,amod→nsubj:outer,1
DEP-REL-CHG,nsubj:outer,cop,nsubj:outer→cop,1
DEP-REL-CHG,obl:unmarked,xcomp,obl:unmarked→xcomp,1
DEP-REL-CHG,acl:relcl,mark,acl:relcl→mark,1
DEP-REL-CHG,csubj,amod,csubj→amod,1
DEP-REL-CHG,iobj,parataxis,iobj→parataxis,1
DEP-REL-CHG,xcomp,acl,xcomp→acl,1
DEP-REL-CHG,aux:pass,appos,aux:pass→appos,1
DEP-REL-CHG,advcl:relcl,amod,advcl:relcl→amod,1
DEP-REL-CHG,appos,acl,appos→acl,1
DEP-REL-CHG,obl:agent,xcomp,obl:agent→xcomp,1
DEP-REL-CHG,appos,root,appos→root,1
DEP-REL-CHG,csubj:outer,root,csubj:outer→root,1
DEP-REL-CHG,acl:relcl,xcomp,acl:relcl→xcomp,1
DEP-REL-CHG,flat,obl:unmarked,flat→obl:unmarked,1
DEP-REL-CHG,obl:unmarked,obl,obl:unmarked→obl,1
DEP-REL-CHG,obl:unmarked,root,obl:unmarked→root,1
DEP-REL-CHG,case,nmod:unmarked,case→nmod:unmarked,1
DEP-REL-CHG,mark,obl:unmarked,mark→obl:unmarked,1
DEP-REL-CHG,nmod,conj,nmod→conj,1
DEP-REL-CHG,advcl,obl:unmarked,advcl→obl:unmarked,1
DEP-REL-CHG,expl,discourse,expl→discourse,1
DEP-REL-CHG,advcl,iobj,advcl→iobj,1
DEP-REL-CHG,iobj,amod,iobj→amod,1
DEP-REL-CHG,appos,obj,appos→obj,1
DEP-REL-CHG,obl:unmarked,det,obl:unmarked→det,1
DEP-REL-CHG,advcl,xcomp,advcl→xcomp,1
DEP-REL-CHG,xcomp,cc,xcomp→cc,1
DEP-REL-CHG,flat,nmod,flat→nmod,1
DEP-REL-CHG,fixed,appos,fixed→appos,1
DEP-REL-CHG,iobj,compound:prt,iobj→compound:prt,1
DEP-REL-CHG,nsubj:pass,nmod:unmarked,nsubj:pass→nmod:unmarked,1
DEP-REL-CHG,nsubj:pass,conj,nsubj:pass→conj,1
DEP-REL-CHG,cc,obl:agent,cc→obl:agent,1
DEP-REL-CHG,compound,iobj,compound→iobj,1
DEP-REL-CHG,iobj,det,iobj→det,1
DEP-REL-CHG,nsubj:pass,appos,nsubj:pass→appos,1
FEAT-CHG,Tense=Past,Tense=Pres,Tense=Past→Tense=Pres,46
FEAT-CHG,Number=None,Number=Sing,Number=None→Number=Sing,13
FEAT-CHG,Number=Plur,Number=Sing,Number=Plur→Number=Sing,10
FEAT-CHG,Person=3,Person=None,Person=3→Person=None,8
FEAT-CHG,Mood=Ind,Mood=None,Mood=Ind→Mood=None,8
FEAT-CHG,Person=None,Person=3,Person=None→Person=3,8
FEAT-CHG,Mood=None,Mood=Ind,Mood=None→Mood=Ind,8
FEAT-CHG,Number=Sing,Number=Plur,Number=Sing→Number=Plur,4
FEAT-CHG,Tense=Pres,Tense=None,Tense=Pres→Tense=None,4
FEAT-CHG,Number=Sing,Number=None,Number=Sing→Number=None,4
FEAT-CHG,Tense=None,Tense=Pres,Tense=None→Tense=Pres,3
FEAT-CHG,Tense=Past,Tense=None,Tense=Past→Tense=None,2
FEAT-CHG,Number=Plur,Number=None,Number=Plur→Number=None,2
FEAT-CHG,Voice=None,Voice=Pass,Voice=None→Voice=Pass,2
FEAT-CHG,Person=3,Person=1,Person=3→Person=1,2
FEAT-CHG,Number=None,Number=Plur,Number=None→Number=Plur,2
FEAT-CHG,Tense=Pres,Tense=Past,Tense=Pres→Tense=Past,1
FEAT-CHG,Case=Acc,Case=Nom,Case=Acc→Case=Nom,1
FEAT-CHG,Person=2,Person=1,Person=2→Person=1,1
FORM-CHG,said,says,said→says,4
FORM-CHG,‘,’,‘→’,3
FORM-CHG,Passengers,passengers,Passengers→passengers,2
FORM-CHG,looted,loot,looted→loot,2
FORM-CHG,tried,try,tried→try,2
FORM-CHG,high,High,high→High,2
FORM-CHG,concluded,concludes,concluded→concludes,2
FORM-CHG,shot,shoots,shot→shoots,2
FORM-CHG,has,have,has→have,2
FORM-CHG,fell,fall,fell→fall,1
FORM-CHG,suggested,suggests,suggested→suggests,1
FORM-CHG,beat,beats,beat→beats,1
FORM-CHG,shared,shares,shared→shares,1
FORM-CHG,cancelled,cancels,cancelled→cancels,1
FORM-CHG,fired,fires,fired→fires,1
FORM-CHG,took,takes,took→takes,1
FORM-CHG,years,yrs,years→yrs,1
FORM-CHG,got,get,got→get,1
FORM-CHG,broke,breaks,broke→breaks,1
FORM-CHG,burned,burn,burned→burn,1
FORM-CHG,landed,lands,landed→lands,1
FORM-CHG,lost,loses,lost→loses,1
FORM-CHG,saying,says,saying→says,1
FORM-CHG,misspelled,misspells,misspelled→misspells,1
FORM-CHG,cut,cuts,cut→cuts,1
FORM-CHG,made,makes,made→makes,1
FORM-CHG,was,is,was→is,1
FORM-CHG,tweeted,tweets,tweeted→tweets,1
FORM-CHG,has,had,has→had,1
FORM-CHG,him,he,him→he,1
FORM-CHG,sales,sale,sales→sale,1
FORM-CHG,hit,hits,hit→hits,1
FORM-CHG,were,is,were→is,1
FORM-CHG,earned,earns,earned→earns,1
FORM-CHG,danced,dances,danced→dances,1
FORM-CHG,have,has,have→has,1
FORM-CHG,man,Man,man→Man,1
FORM-CHG,billion,bn,billion→bn,1
FORM-CHG,jumped,jump,jumped→jump,1
FORM-CHG,scientists,Scientists,scientists→Scientists,1
FORM-CHG,has,'ve,has→'ve,1
FORM-CHG,quoted,quotes,quoted→quotes,1
FORM-CHG,hurled,hurl,hurled→hurl,1
FORM-CHG,raided,raids,raided→raids,1
FORM-CHG,celebrated,celebrates,celebrated→celebrates,1
FORM-CHG,sold,sells,sold→sells,1
FORM-CHG,are,being,are→being,1
FORM-CHG,filed,file,filed→file,1
FORM-CHG,is,be,is→be,1
FORM-CHG,inmates,Inmates,inmates→Inmates,1
FORM-CHG,are,am,are→am,1
FORM-CHG,messages,message,messages→message,1
FORM-CHG,visiting,visit,visiting→visit,1
FORM-CHG,Parking,parking,Parking→parking,1
FORM-CHG,lauded,lauds,lauded→lauds,1
FORM-CHG,Kids,kids,Kids→kids,1
FORM-CHG,increase,increasing,increase→increasing,1
FORM-CHG,exams,exam,exams→exam,1
FORM-CHG,replacing,replace,replacing→replace,1
FORM-CHG,an,a,an→a,1
FORM-CHG,written,writes,written→writes,1
FORM-CHG,',‘,'→‘,1
FORM-CHG,performed,performs,performed→performs,1
FORM-CHG,grooved,groove,grooved→groove,1
FORM-CHG,showed,show,showed→show,1
FORM-CHG,learned,learnt,learned→learnt,1
FORM-CHG,kept,keep,kept→keep,1
FORM-CHG,less,lesser,less→lesser,1
FORM-CHG,justice,Justice,justice→Justice,1
FORM-CHG,transferred,transfers,transferred→transfers,1
FORM-CHG,Members,members,Members→members,1
FORM-CHG,Cows,cows,Cows→cows,1
FORM-CHG,Stray,stray,Stray→stray,1
FORM-CHG,Accident,accident,Accident→accident,1
FORM-CHG,gave,give,gave→give,1
FORM-CHG,Pilgrims,pilgrims,Pilgrims→pilgrims,1
FORM-CHG,transactions,transaction,transactions→transaction,1
FW-ADD,ABSENT,ADP-ADD,ABSENT→ADP-ADD,79
FW-ADD,ABSENT,PRON-PERS-ADD,ABSENT→PRON-PERS-ADD,35
FW-ADD,ABSENT,AUX-ADD,ABSENT→AUX-ADD,34
FW-ADD,ABSENT,CCONJ-ADD,ABSENT→CCONJ-ADD,11
FW-ADD,ABSENT,ART-ADD,ABSENT→ART-ADD,6
FW-ADD,ABSENT,SCONJ-ADD,ABSENT→SCONJ-ADD,5
FW-DEL,ART-DEL,ABSENT,ART-DEL→ABSENT,920
FW-DEL,AUX-DEL,ABSENT,AUX-DEL→ABSENT,844
FW-DEL,ADP-DEL,ABSENT,ADP-DEL→ABSENT,167
FW-DEL,PRON-PERS-DEL,ABSENT,PRON-PERS-DEL→ABSENT,111
FW-DEL,SCONJ-DEL,ABSENT,SCONJ-DEL→ABSENT,101
FW-DEL,CCONJ-DEL,ABSENT,CCONJ-DEL→ABSENT,98
HEAD-CHG,3,2,3→2,58
HEAD-CHG,4,3,4→3,42
HEAD-CHG,5,4,5→4,24
HEAD-CHG,6,5,6→5,21
HEAD-CHG,10,9,10→9,14
HEAD-CHG,7,6,7→6,11
HEAD-CHG,11,10,11→10,8
HEAD-CHG,5,7,5→7,6
HEAD-CHG,9,7,9→7,6
HEAD-CHG,5,3,5→3,6
HEAD-CHG,9,8,9→8,4
HEAD-CHG,9,10,9→10,4
HEAD-CHG,12,11,12→11,4
HEAD-CHG,8,7,8→7,4
HEAD-CHG,10,8,10→8,4
HEAD-CHG,2,3,2→3,4
HEAD-CHG,6,4,6→4,3
HEAD-CHG,6,7,6→7,3
HEAD-CHG,13,12,13→12,3
HEAD-CHG,4,2,4→2,3
HEAD-CHG,7,5,7→5,3
HEAD-CHG,3,12,3→12,2
HEAD-CHG,2,1,2→1,2
HEAD-CHG,13,10,13→10,2
HEAD-CHG,13,11,13→11,2
HEAD-CHG,14,13,14→13,2
HEAD-CHG,6,8,6→8,2
HEAD-CHG,15,13,15→13,2
HEAD-CHG,11,9,11→9,2
HEAD-CHG,9,11,9→11,2
HEAD-CHG,12,10,12→10,2
HEAD-CHG,19,15,19→15,2
HEAD-CHG,3,4,3→4,2
HEAD-CHG,13,3,13→3,1
HEAD-CHG,4,9,4→9,1
HEAD-CHG,4,6,4→6,1
HEAD-CHG,8,9,8→9,1
HEAD-CHG,2,9,2→9,1
HEAD-CHG,12,9,12→9,1
HEAD-CHG,16,14,16→14,1
HEAD-CHG,14,10,14→10,1
HEAD-CHG,7,8,7→8,1
HEAD-CHG,3,14,3→14,1
HEAD-CHG,6,3,6→3,1
HEAD-CHG,2,5,2→5,1
HEAD-CHG,5,6,5→6,1
HEAD-CHG,5,8,5→8,1
HEAD-CHG,3,7,3→7,1
HEAD-CHG,15,14,15→14,1
HEAD-CHG,2,4,2→4,1
HEAD-CHG,8,2,8→2,1
HEAD-CHG,1,4,1→4,1
HEAD-CHG,7,4,7→4,1
HEAD-CHG,10,7,10→7,1
HEAD-CHG,4,5,4→5,1
HEAD-CHG,11,12,11→12,1
LEMMA-CHG,United,Unite,United→Unite,2
LEMMA-CHG,Mumbaikars,mumbaikar,Mumbaikars→mumbaikar,2
LEMMA-CHG,shareef,Shareef,shareef→Shareef,1
LEMMA-CHG,waale,Waale,waale→Waale,1
LEMMA-CHG,TCS,tcs,TCS→tcs,1
LEMMA-CHG,coolie,Coolie,coolie→Coolie,1
LEMMA-CHG,Saudi,saudi,Saudi→saudi,1
LEMMA-CHG,Kiren,KIren,Kiren→KIren,1
LEMMA-CHG,world,World,world→World,1
LEMMA-CHG,star,Star,star→Star,1
LEMMA-CHG,crore,Crore,crore→Crore,1
LEMMA-CHG,jail,Jail,jail→Jail,1
LEMMA-CHG,ward,Ward,ward→Ward,1
LEMMA-CHG,married,marry,married→marry,1
LEMMA-CHG,ISRO,Isro,ISRO→Isro,1
LEMMA-CHG,Bank,bank,Bank→bank,1
LEMMA-CHG,miss,missing,miss→missing,1
LEMMA-CHG,lack,Lacks,lack→Lacks,1
LEMMA-CHG,tooth,Teeth,tooth→Teeth,1
LEMMA-CHG,Rowdies,rowdies,Rowdies→rowdies,1
LENGTH-CHG,13,10,13→10,39
LENGTH-CHG,16,12,16→12,39
LENGTH-CHG,15,11,15→11,37
LENGTH-CHG,14,11,14→11,35
LENGTH-CHG,17,13,17→13,29
LENGTH-CHG,14,12,14→12,28
LENGTH-CHG,15,12,15→12,28
LENGTH-CHG,16,13,16→13,28
LENGTH-CHG,16,11,16→11,27
LENGTH-CHG,12,9,12→9,27
LENGTH-CHG,14,10,14→10,25
LENGTH-CHG,12,10,12→10,22
LENGTH-CHG,17,12,17→12,22
LENGTH-CHG,11,9,11→9,21
LENGTH-CHG,15,10,15→10,21
LENGTH-CHG,13,11,13→11,21
LENGTH-CHG,18,14,18→14,21
LENGTH-CHG,15,13,15→13,18
LENGTH-CHG,13,9,13→9,18
LENGTH-CHG,17,14,17→14,18
LENGTH-CHG,12,8,12→8,17
LENGTH-CHG,11,8,11→8,16
LENGTH-CHG,19,13,19→13,16
LENGTH-CHG,16,14,16→14,15
LENGTH-CHG,10,7,10→7,15
LENGTH-CHG,19,15,19→15,13
LENGTH-CHG,17,11,17→11,13
LENGTH-CHG,10,8,10→8,13
LENGTH-CHG,18,12,18→12,12
LENGTH-CHG,13,8,13→8,12
LENGTH-CHG,12,11,12→11,11
LENGTH-CHG,13,12,13→12,10
LENGTH-CHG,11,10,11→10,10
LENGTH-CHG,19,14,19→14,10
LENGTH-CHG,18,11,18→11,9
LENGTH-CHG,19,16,19→16,9
LENGTH-CHG,14,8,14→8,9
LENGTH-CHG,20,13,20→13,8
LENGTH-CHG,16,10,16→10,8
LENGTH-CHG,18,15,18→15,8
LENGTH-CHG,20,14,20→14,8
LENGTH-CHG,14,9,14→9,7
LENGTH-CHG,20,16,20→16,7
LENGTH-CHG,19,12,19→12,7
LENGTH-CHG,20,15,20→15,7
LENGTH-CHG,9,6,9→6,7
LENGTH-CHG,10,9,10→9,6
LENGTH-CHG,18,16,18→16,6
LENGTH-CHG,15,16,15→16,6
LENGTH-CHG,15,9,15→9,6
LENGTH-CHG,10,6,10→6,6
LENGTH-CHG,9,8,9→8,6
LENGTH-CHG,15,14,15→14,5
LENGTH-CHG,14,13,14→13,5
LENGTH-CHG,18,13,18→13,5
LENGTH-CHG,22,14,22→14,5
LENGTH-CHG,16,17,16→17,5
LENGTH-CHG,22,15,22→15,5
LENGTH-CHG,8,5,8→5,5
LENGTH-CHG,12,7,12→7,5
LENGTH-CHG,21,13,21→13,4
LENGTH-CHG,21,16,21→16,4
LENGTH-CHG,8,7,8→7,4
LENGTH-CHG,17,15,17→15,4
LENGTH-CHG,11,7,11→7,4
LENGTH-CHG,21,15,21→15,3
LENGTH-CHG,23,18,23→18,3
LENGTH-CHG,21,19,21→19,3
LENGTH-CHG,22,16,22→16,3
LENGTH-CHG,17,18,17→18,3
LENGTH-CHG,18,21,18→21,3
LENGTH-CHG,17,19,17→19,3
LENGTH-CHG,14,16,14→16,3
LENGTH-CHG,18,17,18→17,3
LENGTH-CHG,19,11,19→11,3
LENGTH-CHG,17,10,17→10,3
LENGTH-CHG,7,6,7→6,3
LENGTH-CHG,9,7,9→7,3
LENGTH-CHG,9,5,9→5,3
LENGTH-CHG,24,17,24→17,2
LENGTH-CHG,21,14,21→14,2
LENGTH-CHG,18,10,18→10,2
LENGTH-CHG,24,19,24→19,2
LENGTH-CHG,20,17,20→17,2
LENGTH-CHG,17,16,17→16,2
LENGTH-CHG,14,15,14→15,2
LENGTH-CHG,18,20,18→20,2
LENGTH-CHG,19,18,19→18,2
LENGTH-CHG,11,13,11→13,2
LENGTH-CHG,12,13,12→13,2
LENGTH-CHG,20,22,20→22,2
LENGTH-CHG,19,17,19→17,2
LENGTH-CHG,13,15,13→15,2
LENGTH-CHG,7,4,7→4,2
LENGTH-CHG,5,4,5→4,2
LENGTH-CHG,6,5,6→5,2
LENGTH-CHG,23,20,23→20,2
LENGTH-CHG,13,7,13→7,2
LENGTH-CHG,12,6,12→6,2
LENGTH-CHG,22,17,22→17,2
LENGTH-CHG,17,9,17→9,2
LENGTH-CHG,22,13,22→13,1
LENGTH-CHG,20,12,20→12,1
LENGTH-CHG,23,19,23→19,1
LENGTH-CHG,21,18,21→18,1
LENGTH-CHG,21,20,21→20,1
LENGTH-CHG,20,19,20→19,1
LENGTH-CHG,13,18,13→18,1
LENGTH-CHG,12,20,12→20,1
LENGTH-CHG,18,19,18→19,1
LENGTH-CHG,14,19,14→19,1
LENGTH-CHG,13,20,13→20,1
LENGTH-CHG,13,14,13→14,1
LENGTH-CHG,12,21,12→21,1
LENGTH-CHG,17,20,17→20,1
LENGTH-CHG,20,23,20→23,1
LENGTH-CHG,17,21,17→21,1
LENGTH-CHG,15,17,15→17,1
LENGTH-CHG,15,19,15→19,1
LENGTH-CHG,9,10,9→10,1
LENGTH-CHG,7,12,7→12,1
LENGTH-CHG,25,17,25→17,1
LENGTH-CHG,25,18,25→18,1
LENGTH-CHG,27,17,27→17,1
LENGTH-CHG,10,11,10→11,1
LENGTH-CHG,20,11,20→11,1
LENGTH-CHG,16,9,16→9,1
LENGTH-CHG,8,6,8→6,1
LENGTH-CHG,4,3,4→3,1
LENGTH-CHG,30,28,30→28,1
LENGTH-CHG,21,17,21→17,1
LENGTH-CHG,23,16,23→16,1
LENGTH-CHG,8,4,8→4,1
LENGTH-CHG,22,18,22→18,1
LENGTH-CHG,7,5,7→5,1
LENGTH-CHG,26,16,26→16,1
LENGTH-CHG,26,17,26→17,1
LENGTH-CHG,11,6,11→6,1
LENGTH-CHG,20,18,20→18,1
LENGTH-CHG,26,21,26→21,1
POS-CHG,VERB,NOUN,VERB→NOUN,41
POS-CHG,NOUN,VERB,NOUN→VERB,21
POS-CHG,NOUN,ADJ,NOUN→ADJ,9
POS-CHG,ADJ,NOUN,ADJ→NOUN,8
POS-CHG,ADJ,VERB,ADJ→VERB,8
POS-CHG,VERB,ADJ,VERB→ADJ,2
TED,10,10,10→10,997
TED,1,1,1→1,13
TED,5,5,5→5,6
TED,9,9,9→9,4
TED,8,8,8→8,4
TED,7,7,7→7,3
TED,2,2,2→2,3
TED,6,6,6→6,2
TED,4,4,4→4,1
TED,3,3,3→3,1
TOKEN-REORDER,FRONT,FRONT,FRONT→FRONT,8
TOKEN-REORDER,POST,POST,POST→POST,4
VERB-FORM-CHG,Part,Fin,Part→Fin,7
VERB-FORM-CHG,Fin,Part,Fin→Part,2
VERB-FORM-CHG,Fin,Inf,Fin→Inf,2
VERB-FORM-CHG,Ger,Part,Ger→Part,1
VERB-FORM-CHG,Ger,Fin,Ger→Fin,1
VERB-FORM-CHG,Inf,Part,Inf→Part,1
