sentence_id,source_headline,generated_canonical,rules_applied_count,events_triggered,success,error
0,BJP wants to make Ram mandir but Congress creating hurdles says Shah,BJP wants to make Ram mandir but Congress creating hurdles says Shah.,1,C-ADD:ABSENT→PERIOD,True,
1,Scientists close to observing first ever photo of a black hole,Scientists close to observing first ever photo of a black hole.,1,C-ADD:ABSENT→PERIOD,True,
2,Drunk man kills his daughter diagnosed with heart problem,Drunk man kills his daughter diagnosed with heart problem.,1,C-ADD:ABSENT→PERIOD,True,
3,One and half lakh toilets set up in Prayagraj for Kumbh Mela says CM Yogi,One and half lakh toilets set up in Prayagraj for Kumbh Mela says CM Yogi.,1,C-ADD:ABSENT→PERIOD,True,
4,Canada police can now demand breath samples in bars and at home,Canada police can now demand breath samples in bars and at home.,1,C-ADD:ABSENT→PERIOD,True,
5,"Once I retire,I won't pick up the bat again says Virat Kohli","Once I retire , I wo n't pick up the bat again says Virat Kohli.",1,C-ADD:ABSENT→PERIOD,True,
6,Android Co-founder paid money to own women says Google investor,Android Co - founder paid money to own women says Google investor.,1,C-ADD:ABSENT→PERIOD,True,
7,It's due to Cong says Chidambaram as govt doubles GST exemption limit,It 's due to Cong says Chidambaram as govt doubles GST exemption limit.,1,C-ADD:ABSENT→PERIOD,True,
8,Deeply inspired by Pak PM and Kejriwal says IAS topper from J&K,Deeply inspired by Pak PM and Kejriwal says IAS topper from J&K.,1,C-ADD:ABSENT→PERIOD,True,
9,WB CM mocks PM Modi for using teleprompter for english speeches,WB CM mocks PM Modi for using teleprompter for english speeches.,1,C-ADD:ABSENT→PERIOD,True,
10,Will bring Indian students to ISRO they don't need to go to NASA says Sivan,Will bring Indian students to ISRO they do n't need to go to NASA says Sivan.,1,C-ADD:ABSENT→PERIOD,True,
11,Boy jumps in front of metro after fight with family over phone use,Boy jumps in front of metro after fight with family over phone use.,1,C-ADD:ABSENT→PERIOD,True,
12,passengers and crew members fall sick on Royal Caribbean ship,passengers and crew members fall sick on Royal Caribbean ship.,1,C-ADD:ABSENT→PERIOD,True,
13,"Infosys third-quarter profit drops nearly 30% to ₹3,609 crore","Infosys third - quarter profit drops nearly 30 % to ₹ 3,609 crore.",1,C-ADD:ABSENT→PERIOD,True,
14,Mahindra suggests gift for tea selling couple who toured 23 nations,Mahindra suggests gift for tea selling couple who toured 23 nations.,1,C-ADD:ABSENT→PERIOD,True,
15,Wipro's aerospace business starts supplying parts to Boeing,Wipro 's aerospace business starts supplying parts to Boeing.,1,C-ADD:ABSENT→PERIOD,True,
16,I connect with women directors on a personal level says Vikrant,I connect with women directors on a personal level says Vikrant.,1,C-ADD:ABSENT→PERIOD,True,
17,Virat and Deepika listed as most valuable Indian celebrities,Virat and Deepika listed as most valuable Indian celebrities.,1,C-ADD:ABSENT→PERIOD,True,
18,'First' openly gay Latin rapper shot dead in Puerto Rico,' First ' openly gay Latin rapper shot dead in Puerto Rico.,1,C-ADD:ABSENT→PERIOD,True,
19,Not a political film says Producer Sandip on Modi biopic,Not a political film says Producer Sandip on Modi biopic.,1,C-ADD:ABSENT→PERIOD,True,
20,'The Accidental...' halted in Kolkata theatre amid protests,' The Accidental ... ' halted in Kolkata theatre amid protests.,1,C-ADD:ABSENT→PERIOD,True,
21,Kohli and Shastri receive honorary membership of SCG,Kohli and Shastri receive honorary membership of SCG.,1,C-ADD:ABSENT→PERIOD,True,
22,Head of Japan's Olympic Committee is under investigation,Head of Japan 's Olympic Committee is under investigation.,1,C-ADD:ABSENT→PERIOD,True,
23,New Zealand beats Sri Lanka by 35 runs in the sole T20I,New Zealand beats Sri Lanka by 35 runs in the sole T20I.,1,C-ADD:ABSENT→PERIOD,True,
24,Investor sues Google Founders for sexual harassment cover-up,An Investor sues Google Founders for sexual harassment cover - up.,2,FW-ADD:ABSENT→an|C-ADD:ABSENT→PERIOD,True,
25,Cong ready to fight elections alone in UP says Party leader,Cong ready to fight elections alone in UP says Party leader.,1,C-ADD:ABSENT→PERIOD,True,
26,From time to time a CBI probe should happen says Akhilesh Yadav,From time to time a CBI probe should happen says Akhilesh Yadav.,1,C-ADD:ABSENT→PERIOD,True,
27,Andhra to get special status if Cong wins says Rahul Gandhi,Andhra to get special status if Cong wins says Rahul Gandhi.,1,C-ADD:ABSENT→PERIOD,True,
28,Badal playing with religious sentiments of people says Punjab CM,A Badal playing with religious sentiments of people says Punjab CM.,2,FW-ADD:ABSENT→a|C-ADD:ABSENT→PERIOD,True,
29,Elon Musk shares first pic of SpaceX Starship test rocket,Elon Musk shares first pic of SpaceX Starship test rocket.,1,C-ADD:ABSENT→PERIOD,True,
30,'The country is a prison' says UN on N Korea human rights abuses,' The country is a prison ' says UN on N Korea human rights abuses.,1,C-ADD:ABSENT→PERIOD,True,
31,Canada and Australia in talks with UN to grant asylum to Saudi girl,Canada and Australia in talks with UN to grant asylum to Saudi girl.,1,C-ADD:ABSENT→PERIOD,True,
32,Ex-CBI chief quits IPS and refuses to take role of DG Fire Services,An Ex - CBI chief quits IPS and refuses to take role of DG Fire Services.,2,FW-ADD:ABSENT→an|C-ADD:ABSENT→PERIOD,True,
33,Pandya and Rahul suspended pending inquiry over comments on women,Pandya and Rahul suspended pending inquiry over comments on women.,1,C-ADD:ABSENT→PERIOD,True,
34,‘Shareef tha voh bechara’says Anupam Kher's mother on Manmohan Singh,‘ Shareef tha voh bechara’says Anupam Kher 's mother on Manmohan Singh.,1,C-ADD:ABSENT→PERIOD,True,
35,Interim CBI chief Rao cancels all the transfer orders by Alok Verma,Interim CBI chief Rao cancels all the transfer orders by Alok Verma.,1,C-ADD:ABSENT→PERIOD,True,
36,‘Is deewar ka saaf mann aur hriday bhi hai’says Sehwag wishes Dravid,‘ Is deewar ka saaf mann aur hriday bhi hai’says Sehwag wishes Dravid.,1,C-ADD:ABSENT→PERIOD,True,
37,MP school principal calls CM Kamal Nath 'daku'so suspended,MP school principal calls CM Kamal Nath ' daku'so suspended.,1,C-ADD:ABSENT→PERIOD,True,
38,ISRO wants women astronauts also in Dec 2021 space mission says Chief,An ISRO wants women astronauts also in Dec 2021 space mission says Chief.,2,FW-ADD:ABSENT→an|C-ADD:ABSENT→PERIOD,True,
39,UK High Commission gets consular access to Christian Michel,UK High Commission gets consular access to Christian Michel.,1,C-ADD:ABSENT→PERIOD,True,
40,Chinese farmer builds Airbus A320 replica to fulfil childhood dream,Chinese farmer builds Airbus A320 replica to fulfil childhood dream.,1,C-ADD:ABSENT→PERIOD,True,
41,US begins withdrawal from Syria after ISIS'was defeated,US begins withdrawal from Syria after ISIS'was defeated.,1,C-ADD:ABSENT→PERIOD,True,
42,My dad has hundreds of crores with him says Raymond's Gautam Singhania,My dad has hundreds of crores with him says Raymond 's Gautam Singhania.,1,C-ADD:ABSENT→PERIOD,True,
43,Singapore Airlines fires pilot for failing pre-flight alcohol test,Singapore Airlines fires pilot for failing pre - flight alcohol test.,1,C-ADD:ABSENT→PERIOD,True,
44,Rhea Kapoor to marry rumoured boyfriend Karan Boolani says Report,Rhea Kapoor to marry rumoured boyfriend Karan Boolani says Report.,1,C-ADD:ABSENT→PERIOD,True,
45,Being best entertainer is my single point agenda says Ranveer,Being best entertainer is my single point agenda says Ranveer.,1,C-ADD:ABSENT→PERIOD,True,
46,Sushant to star in Bhandarkar's 'Inspector Ghalib'says Reports,Sushant to star in Bhandarkar 's ' Inspector Ghalib'says Reports.,1,C-ADD:ABSENT→PERIOD,True,
47,Deepika's battle with depression included in book for kids,Deepika 's battle with depression included in book for kids.,1,C-ADD:ABSENT→PERIOD,True,
48,Words like jingoism are used for shaming these days says Kangana,Words like jingoism are used for shaming these days says Kangana.,1,C-ADD:ABSENT→PERIOD,True,
49,Piyush takes jibe at Cong leader and calls him 'man of consistency',Piyush takes jibe at Cong leader and calls him ' man of consistency '.,1,C-ADD:ABSENT→PERIOD,True,
50,BCCI announces schedule for T20I and ODI series with Aus at home,BCCI announces schedule for T20I and ODI series with Aus at home.,1,C-ADD:ABSENT→PERIOD,True,
51,Caged parrot will remain caged says Sibal on CBI chief's removal,Caged parrot will remain caged says Sibal on CBI chief 's removal.,1,C-ADD:ABSENT→PERIOD,True,
52,Rahul crying more than Alok Verma in CBI matter says BJP Leader,Rahul crying more than Alok Verma in CBI matter says BJP Leader.,1,C-ADD:ABSENT→PERIOD,True,
53,Gunneswaran is the 3rd Indian in 5 yrs to play in a Grand Slam,Gunneswaran is the 3rd Indian in 5 yrs to play in a Grand Slam.,1,C-ADD:ABSENT→PERIOD,True,
54,Kuldeep Singh Rathore named as chief of Himachal Congress,Kuldeep Singh Rathore named as chief of Himachal Congress.,1,C-ADD:ABSENT→PERIOD,True,
55,PM Modi isn't Vajpayee and DMK we will never ally with BJP says Stalin,A PM Modi is n't Vajpayee and DMK we will never ally with BJP says Stalin.,2,FW-ADD:ABSENT→a|C-ADD:ABSENT→PERIOD,True,
56,"Man held for duping 2,000 people using PM Modi's pics","Man held for duping 2,000 people using PM Modi 's pics.",1,C-ADD:ABSENT→PERIOD,True,
57,Driver's error capsized the boat carrying Maha officials says Report,A Driver 's error capsized the boat carrying Maha officials says Report.,2,FW-ADD:ABSENT→a|C-ADD:ABSENT→PERIOD,True,
58,Russian artist jailed for setting fire to the Bank of France,Russian artist jailed for setting fire to the Bank of France.,1,C-ADD:ABSENT→PERIOD,True,
59,Delhi HC refuses to cancel bribery case against CBI No. 2 Asthana,Delhi HC refuses to cancel bribery case against CBI No . 2 Asthana.,1,C-ADD:ABSENT→PERIOD,True,
60,Gurmeet Ram Rahim convicted for the murder of journalist in 2002,Gurmeet Ram Rahim convicted for the murder of journalist in 2002.,1,C-ADD:ABSENT→PERIOD,True,
61,Scoring error led to Pakistani batsman getting run-out on 499,A Scoring error led to Pakistani batsman getting run - out on 499.,2,FW-ADD:ABSENT→a|C-ADD:ABSENT→PERIOD,True,
62,Pandya and Rahul can be suspended till further action says BCCI legal cell,Pandya and Rahul can be suspended till further action says BCCI legal cell.,1,C-ADD:ABSENT→PERIOD,True,
63,Rahul and Pandya have understood magnitude of what's happened says Kohli,Rahul and Pandya have understood magnitude of what 's happened says Kohli.,1,C-ADD:ABSENT→PERIOD,True,
64,"Her eyes were open and she knew it was me says Cricketer,cricketer denies rape charge","Her eyes were open and she knew it was me says Cricketer , cricketer denies rape charge.",1,C-ADD:ABSENT→PERIOD,True,
65,riot culprits must be punished regardless of identity says Rahul,A riot culprits must be punished regardless of identity says Rahul.,2,FW-ADD:ABSENT→a|C-ADD:ABSENT→PERIOD,True,
66,Keep trying and miracles do happen says SC on Meghalaya mine rescue effort,Keep trying and miracles do happen says SC on Meghalaya mine rescue effort.,1,C-ADD:ABSENT→PERIOD,True,
67,Mutilated body of 15-yr-old WB girl found hanging from tree,Mutilated body of 15 - yr - old WB girl found hanging from tree.,1,C-ADD:ABSENT→PERIOD,True,
68,Chhattisgarh becomes 3rd state to bar CBI from probing cases,A Chhattisgarh becomes 3rd state to bar CBI from probing cases.,2,FW-ADD:ABSENT→a|C-ADD:ABSENT→PERIOD,True,
69,Man killed nephew and buried him in balcony and planted saplings says Police,A Man killed nephew and buried him in balcony and planted saplings says Police.,2,FW-ADD:ABSENT→a|C-ADD:ABSENT→PERIOD,True,
70,Myanmar court rejects appeal by Reuters and journos jailed for 7 years,Myanmar court rejects appeal by Reuters and journos jailed for 7 years.,1,C-ADD:ABSENT→PERIOD,True,
71,We're with you says Trump to kin of murdered Indian-origin policeman,We 're with you says Trump to kin of murdered Indian - origin policeman.,1,C-ADD:ABSENT→PERIOD,True,
72,Greek university gets envelope containing 'irritant' from India,Greek university gets envelope containing ' irritant ' from India.,1,C-ADD:ABSENT→PERIOD,True,
73,Rare 1 cent coin found by US teen in 1947 auctioned for ₹1.4 crore,Rare 1 cent coin found by US teen in 1947 auctioned for ₹ 1.4 crore.,1,C-ADD:ABSENT→PERIOD,True,
74,Alia and Ranbir to get engaged post Brahmastra's release says Report,Alia and Ranbir to get engaged post Brahmastra 's release says Report.,1,C-ADD:ABSENT→PERIOD,True,
75,Vicky Kaushal's 'Uri: The Surgical Strike' hits the theatres,Vicky Kaushal 's ' Uri : The Surgical Strike ' hits the theatres.,1,C-ADD:ABSENT→PERIOD,True,
76,Elbow injury forces Steve Smith to return home from BPL,An Elbow injury forces Steve Smith to return home from BPL.,2,FW-ADD:ABSENT→an|C-ADD:ABSENT→PERIOD,True,
77,Barcelona without barcelona suffer loss in Copa Del Rey first leg,Barcelona without barcelona suffer loss in Copa Del Rey first leg.,1,C-ADD:ABSENT→PERIOD,True,
78,Congress govt in MP is running at our ‘mercy’ says BJP leader,Congress govt in MP is running at our ‘ mercy ’ says BJP leader.,1,C-ADD:ABSENT→PERIOD,True,
79,There are Certain things that PM Modi says I listen to says Rahul Gandhi,There are Certain things that PM Modi says I listen to says Rahul Gandhi.,1,C-ADD:ABSENT→PERIOD,True,
80,I don't know Manmohan Singh's caste says Ram Vilas Paswan,I do n't know Manmohan Singh 's caste says Ram Vilas Paswan.,1,C-ADD:ABSENT→PERIOD,True,
81,"PM Modi is a dictator and works like Hitler, Putin says Cong leader","A PM Modi is a dictator and works like Hitler , Putin says Cong leader.",2,FW-ADD:ABSENT→a|C-ADD:ABSENT→PERIOD,True,
82,Centre launches 5-yr plan to combat pollution in 102 cities,A Centre launches 5 - yr plan to combat pollution in 102 cities.,2,FW-ADD:ABSENT→a|C-ADD:ABSENT→PERIOD,True,
83,Karnataka govt approves suburban rail project for B'luru,Karnataka govt approves suburban rail project for B'luru.,1,C-ADD:ABSENT→PERIOD,True,
84,Foreign currency worth ₹38 lakh was seized at Hyderabad Airport,Foreign currency worth ₹ 38 lakh was seized at Hyderabad Airport.,1,C-ADD:ABSENT→PERIOD,True,
85,Cabinet approves 3 new AIIMS at Gujarat and ‘Jammu and Kashmir’,Cabinet approves 3 new AIIMS at Gujarat and ‘ Jammu and Kashmir ’.,1,C-ADD:ABSENT→PERIOD,True,
86,Hotstar takes down Pandya and Rahul's ‘Koffee With Karan’ episode,Hotstar takes down Pandya and Rahul 's ‘ Koffee With Karan ’ episode.,1,C-ADD:ABSENT→PERIOD,True,
87,Rajinikanth fans get married at TN theatre while running his film 'Petta',Rajinikanth fans get married at TN theatre while running his film ' Petta '.,1,C-ADD:ABSENT→PERIOD,True,
88,Means a lot says Pujara and thanks Viv Richards for congratulatory message,Means a lot says Pujara and thanks Viv Richards for congratulatory message.,1,C-ADD:ABSENT→PERIOD,True,
89,Australia to don 1986-inspired green and gold kit in ODIs versus India,Australia to don 1986 - inspired green and gold kit in ODIs versus India.,1,C-ADD:ABSENT→PERIOD,True,
90,Sad I was transferred based on false allegations says Alok Verma,Sad I was transferred based on false allegations says Alok Verma.,1,C-ADD:ABSENT→PERIOD,True,
91,Pujara watches ball closely than even Dravid and Sachin says Justin Langer,Pujara watches ball closely than even Dravid and Sachin says Justin Langer.,1,C-ADD:ABSENT→PERIOD,True,
92,US police issued a warrant for Ronaldo's DNA in rape investigation,US police issued a warrant for Ronaldo 's DNA in rape investigation.,1,C-ADD:ABSENT→PERIOD,True,
93,Hosts ‘UAE’ hand India their first defeat of Asian Cup 2019,Hosts ‘ UAE ’ hand India their first defeat of Asian Cup 2019.,1,C-ADD:ABSENT→PERIOD,True,
94,Murray breaks down and says Australian Open could be his last event,Murray breaks down and says Australian Open could be his last event.,1,C-ADD:ABSENT→PERIOD,True,
95,Mary Kom becomes the world number one woman boxer in 48-kg category,Mary Kom becomes the world number one woman boxer in 48 - kg category.,1,C-ADD:ABSENT→PERIOD,True,
96,Robotic sex toy wins CES innovation award but  taken back later,Robotic sex toy wins CES innovation award but   taken back later.,1,C-ADD:ABSENT→PERIOD,True,
97,male nurse leaves head inside as Baby decapitated in failed delivery,male nurse leaves head inside as Baby decapitated in failed delivery.,1,C-ADD:ABSENT→PERIOD,True,
98,"Police burn body with waste and kept ₹2,700 given for proper cremation","Police burn body with waste and kept ₹ 2,700 given for proper cremation.",1,C-ADD:ABSENT→PERIOD,True,
99,Pilot 'lands' helicopter on its nose to rescue skier and the video viral,Pilot ' lands ' helicopter on its nose to rescue skier and the video viral.,1,C-ADD:ABSENT→PERIOD,True,
100,Raymond chief Gautam Singhania to quit from all group companies,Raymond chief Gautam Singhania to quit from all group companies.,1,C-ADD:ABSENT→PERIOD,True,
101,I wish him luck and it's going to be a beauty says Trump on Bezos' divorce,I wish him luck and it 's going to be a beauty says Trump on Bezos ' divorce.,1,C-ADD:ABSENT→PERIOD,True,
102,Sunil Grover's 'Kanpur Waale Khuranas' to go off air,Sunil Grover 's ' Kanpur Waale Khuranas ' to go off air.,1,C-ADD:ABSENT→PERIOD,True,
103,Anupam Kher's 'The Accidental Prime Minister' hits theatres,Anupam Kher 's ' The Accidental Prime Minister ' hits theatres.,1,C-ADD:ABSENT→PERIOD,True,
104,PM can't sleep says Rahul on Alok Verma's removal as CBI chief,PM ca n't sleep says Rahul on Alok Verma 's removal as CBI chief.,1,C-ADD:ABSENT→PERIOD,True,
105,Google limit on ‘right to be forgotten’ was supported in Europe,Google limit on ‘ right to be forgotten ’ was supported in Europe.,1,C-ADD:ABSENT→PERIOD,True,
106,"Tata Motors-owned Jaguar Land Rover to slash 4,500 jobs","Tata Motors - owned Jaguar Land Rover to slash 4,500 jobs.",1,C-ADD:ABSENT→PERIOD,True,
107,Rolls-Royce warns Brexit and it could bring production to a halt,Rolls - Royce warns Brexit and it could bring production to a halt.,1,C-ADD:ABSENT→PERIOD,True,
108,Scientists find a protein to make mosquito birth control drug,Scientists find a protein to make mosquito birth control drug.,1,C-ADD:ABSENT→PERIOD,True,
109,Star-producing quasar brighter than 600 trillion Suns was found,A Star - producing quasar brighter than 600 trillion Suns was found.,2,FW-ADD:ABSENT→a|C-ADD:ABSENT→PERIOD,True,
110,Star-eating black hole found spinning at half of light’s speed,A Star - eating black hole found spinning at half of light ’s speed.,2,FW-ADD:ABSENT→a|C-ADD:ABSENT→PERIOD,True,
111,Iran says it will not comply with the illegal US sanctions,Iran says it will not comply with the illegal US sanctions.,1,C-ADD:ABSENT→PERIOD,True,
112,Maduro sworn in as Venezuela President for 2nd term amid economic crisis,Maduro sworn in as Venezuela President for 2nd term amid economic crisis.,1,C-ADD:ABSENT→PERIOD,True,
113,‘Ghar pe TV nai hai kya’ idiot says Jadeja to fan criticising his batting,‘ Ghar pe TV nai hai kya ’ idiot says Jadeja to fan criticising his batting.,1,C-ADD:ABSENT→PERIOD,True,
114,MS Dhoni is like a guiding light for Team India says Rohit Sharma,MS Dhoni is like a guiding light for Team India says Rohit Sharma.,1,C-ADD:ABSENT→PERIOD,True,
115,Met Sangeeta in ad shoot in 1985 and it was love at first sight says Azhar,Met Sangeeta in ad shoot in 1985 and it was love at first sight says Azhar.,1,C-ADD:ABSENT→PERIOD,True,
116,₹1.35 cr seized and 83 arrested in tennis match-fixing probe in Spain,₹ 1.35 cr seized and 83 arrested in tennis match - fixing probe in Spain.,1,C-ADD:ABSENT→PERIOD,True,
117,"NASA spacecraft captures Earth, Moon and asteroid in single pic","NASA spacecraft captures Earth , Moon and asteroid in single pic.",1,C-ADD:ABSENT→PERIOD,True,
118,Desperate move to stop FIR against PM says Bhushan on CBI chief removal,Desperate move to stop FIR against PM says Bhushan on CBI chief removal.,1,C-ADD:ABSENT→PERIOD,True,
119,Women thrashes harasser and take him home to apologise in front of his wife,Women thrashes harasser and take him home to apologise in front of his wife.,1,C-ADD:ABSENT→PERIOD,True,
120,Chinese pilot suspended and fined ₹1 lakh for allowing wife in the cockpit,Chinese pilot suspended and fined ₹ 1 lakh for allowing wife in the cockpit.,1,C-ADD:ABSENT→PERIOD,True,
121,If Bezos' wealth is split equally then his wife will be richest woman,If Bezos ' wealth is split equally then his wife will be richest woman.,1,C-ADD:ABSENT→PERIOD,True,
122,Taking over 'Housefull 4' wasn't tough says Director Farhad,Taking over ' Housefull 4 ' was n't tough says Director Farhad.,1,C-ADD:ABSENT→PERIOD,True,
123,Lady Gaga to take down song with sexual abuse and accused singer,Lady Gaga to take down song with sexual abuse and accused singer.,1,C-ADD:ABSENT→PERIOD,True,
124,SC denies urgent hearing on plea against 'The Accidental...',SC denies urgent hearing on plea against ' The Accidental ... '.,1,C-ADD:ABSENT→PERIOD,True,
125,Timely conversations says Karan and shares pic from B'wood meet with PM,Timely conversations says Karan and shares pic from B'wood meet with PM.,1,C-ADD:ABSENT→PERIOD,True,
126,Actress' sexual harassment claim against Weinstein was dismissed,Actress ' sexual harassment claim against Weinstein was dismissed.,1,C-ADD:ABSENT→PERIOD,True,
127,Bloodied seal with plastic net around its neck was seen at an UK beach,Bloodied seal with plastic net around its neck was seen at an UK beach.,1,C-ADD:ABSENT→PERIOD,True,
128,"BJP appoints Chouhan, Raje and Singh as its party's national VPs","BJP appoints Chouhan , Raje and Singh as its party 's national VPs.",1,C-ADD:ABSENT→PERIOD,True,
129,Rahul respects women and holds them in high regard says Shinde,A Rahul respects women and holds them in high regard says Shinde.,2,FW-ADD:ABSENT→a|C-ADD:ABSENT→PERIOD,True,
130,Elon Musk claims that new Tesla Roadster will float above the ground,Elon Musk claims that new Tesla Roadster will float above the ground.,1,C-ADD:ABSENT→PERIOD,True,
131,Biodegradable sensor to monitor blood flow in arteries was made,Biodegradable sensor to monitor blood flow in arteries was made.,1,C-ADD:ABSENT→PERIOD,True,
132,Hubble Space Telescope's main camera shuts down says NASA,Hubble Space Telescope 's main camera shuts down says NASA.,1,C-ADD:ABSENT→PERIOD,True,
133,Users over 65yrs more likely to share fake news on FB says Study,Users over 65yrs more likely to share fake news on FB says Study.,1,C-ADD:ABSENT→PERIOD,True,
134,CBSE introduces 2 Mathematics levels for class 10 students,CBSE introduces 2 Mathematics levels for class 10 students.,1,C-ADD:ABSENT→PERIOD,True,
135,Taliban kills 32 members of Afghan security forces and militias,Taliban kills 32 members of Afghan security forces and militias.,1,C-ADD:ABSENT→PERIOD,True,
136,Pak cyberstalker was jailed for harassing 200 lady doctors and nurses,Pak cyberstalker was jailed for harassing 200 lady doctors and nurses.,1,C-ADD:ABSENT→PERIOD,True,
137,Russian hunter shoots his son dead after mistaking him for a moose,Russian hunter shoots his son dead after mistaking him for a moose.,1,C-ADD:ABSENT→PERIOD,True,
138,"TCS profit rises 24% to record ₹8,105 cr in the December quarter","TCS profit rises 24 % to record ₹ 8,105 cr in the December quarter.",1,C-ADD:ABSENT→PERIOD,True,
139,Won't violate international laws in trade with Iran says Prabhu,Wo n't violate international laws in trade with Iran says Prabhu.,1,C-ADD:ABSENT→PERIOD,True,
140,Verma was removed as CBI chief by PM-led panel and was made the DG of fire services,Verma was removed as CBI chief by PM - led panel and was made the DG of fire services.,1,C-ADD:ABSENT→PERIOD,True,
141,Title of Cheat India was changed to Why Cheat India over CBFC objection,A Title of Cheat India was changed to Why Cheat India over CBFC objection.,2,FW-ADD:ABSENT→a|C-ADD:ABSENT→PERIOD,True,
142,Actor Ajith's cut-out falls during milk pouring in TN and 5 were  injured,Actor Ajith 's cut - out falls during milk pouring in TN and 5 were   injured.,1,C-ADD:ABSENT→PERIOD,True,
143,Imran Khan compared Kohli to Sachin at oath-taking function says Raja,Imran Khan compared Kohli to Sachin at oath - taking function says Raja.,1,C-ADD:ABSENT→PERIOD,True,
144,"Kohli India's most valued celebrity brand at ₹1,200 crore says Report","Kohli India 's most valued celebrity brand at ₹ 1,200 crore says Report.",1,C-ADD:ABSENT→PERIOD,True,
145,Australian cricketer drops a catch into his own face and left bloodied,Australian cricketer drops a catch into his own face and left bloodied.,1,C-ADD:ABSENT→PERIOD,True,
146,World will take note of his cry says Chidambaram on IAS Topper who quit,World will take note of his cry says Chidambaram on IAS Topper who quit.,1,C-ADD:ABSENT→PERIOD,True,
147,K'taka auto driver was killed by another driver for charging lower fares,A K'taka auto driver was killed by another driver for charging lower fares.,2,FW-ADD:ABSENT→a|C-ADD:ABSENT→PERIOD,True,
148,Tyre killers were damaged due to traffic day after installation in Noida,Tyre killers were damaged due to traffic day after installation in Noida.,1,C-ADD:ABSENT→PERIOD,True,
149,Big B and  Aishwarya were approached for Mani Ratnam film says Report,Big B and   Aishwarya were approached for Mani Ratnam film says Report.,1,C-ADD:ABSENT→PERIOD,True,
150,Salman Khan to start shooting for 'Dabangg 3',Salman Khan to start shooting for ' Dabangg 3 '.,1,C-ADD:ABSENT→PERIOD,True,
151,Sara to star opposite to Varun in 'Coolie No. 1' remake says Report,Sara to star opposite to Varun in ' Coolie No . 1 ' remake says Report.,1,C-ADD:ABSENT→PERIOD,True,
152,FB ex-worker who criticised its data policy joins Apple says Report,A FB ex - worker who criticised its data policy joins Apple says Report.,2,FW-ADD:ABSENT→a|C-ADD:ABSENT→PERIOD,True,
153,Apple Maps adds turn-by-turn navigation for Indian users,Apple Maps adds turn - by - turn navigation for Indian users.,1,C-ADD:ABSENT→PERIOD,True,
154,Xiaomi loses $6 billion of market value in just three days,Xiaomi loses $ 6 billion of market value in just three days.,1,C-ADD:ABSENT→PERIOD,True,
155,No chance of going back to Samajwadi Party says Shivpal Yadav,No chance of going back to Samajwadi Party says Shivpal Yadav.,1,C-ADD:ABSENT→PERIOD,True,
156,WB will not contribute 40% funds for the Ayushman scheme says CM,WB will not contribute 40 % funds for the Ayushman scheme says CM.,1,C-ADD:ABSENT→PERIOD,True,
157,He is not against women says Prakash Raj defends Rahul,He is not against women says Prakash Raj defends Rahul.,1,C-ADD:ABSENT→PERIOD,True,
158,China offers Tesla CEO Elon Musk permanent residency,China offers Tesla CEO Elon Musk permanent residency.,1,C-ADD:ABSENT→PERIOD,True,
159,Jailed ex-Nissan chief down with fever so interrogation halted,Jailed ex - Nissan chief down with fever so interrogation halted.,1,C-ADD:ABSENT→PERIOD,True,
160,1st proof of white dwarf stars turning into crystals was found,1st proof of white dwarf stars turning into crystals was found.,1,C-ADD:ABSENT→PERIOD,True,
161,Airport-like lounges at New Delhi railway station to be built by March,An Airport - like lounges at New Delhi railway station to be built by March.,2,FW-ADD:ABSENT→an|C-ADD:ABSENT→PERIOD,True,
162,Sri Lanka struggling to pay foreign debt of $5.9 billion says PM,Sri Lanka struggling to pay foreign debt of $ 5.9 billion says PM.,1,C-ADD:ABSENT→PERIOD,True,
163,33-foot tunnel used to smuggle drugs found near US-Mexico border,33 - foot tunnel used to smuggle drugs found near US - Mexico border.,1,C-ADD:ABSENT→PERIOD,True,
164,Trump misspells 'forest' as he cuts funds to tackle the California fire,A Trump misspells ' forest ' as he cuts funds to tackle the California fire.,2,FW-ADD:ABSENT→a|C-ADD:ABSENT→PERIOD,True,
165,GST Council hikes composition scheme was limited to ₹1.5 crore,GST Council hikes composition scheme was limited to ₹ 1.5 crore.,1,C-ADD:ABSENT→PERIOD,True,
166,RBI accountable to government says Reserves panel Chairman,RBI accountable to government says Reserves panel Chairman.,1,C-ADD:ABSENT→PERIOD,True,
167,Former CM Sheila Dikshit takes over as Delhi Congress chief,Former CM Sheila Dikshit takes over as Delhi Congress chief.,1,C-ADD:ABSENT→PERIOD,True,
168,Angad revealed everything meant to be hidden on my show says Neha,Angad revealed everything meant to be hidden on my show says Neha.,1,C-ADD:ABSENT→PERIOD,True,
169,Paid campaigners were used to give #MeToo movement a burst says Sushant,Paid campaigners were used to give # MeToo movement a burst says Sushant.,1,C-ADD:ABSENT→PERIOD,True,
170,CBI DIG who probed Asthana offers is going to quit investigation says PTI,CBI DIG who probed Asthana offers is going to quit investigation says PTI.,1,C-ADD:ABSENT→PERIOD,True,
171,Hardik innocent boy and wanted to entertain says Father on talk show row,Hardik innocent boy and wanted to entertain says Father on talk show row.,1,C-ADD:ABSENT→PERIOD,True,
172,130-yr-old crocodile 'Gangaram' dies and 500 villagers attend the  funeral,130 - yr - old crocodile ' Gangaram ' dies and 500 villagers attend the   funeral.,1,C-ADD:ABSENT→PERIOD,True,
173,68-yr-old man sexually assaults 3-yr-old girl in Tamil Nadu was arrested,68 - yr - old man sexually assaults 3 - yr - old girl in Tamil Nadu was arrested.,1,C-ADD:ABSENT→PERIOD,True,
174,BJP MP Kirron Kher makes faces in Lok Sabha and the video goes viral,BJP MP Kirron Kher makes faces in Lok Sabha and the video goes viral.,1,C-ADD:ABSENT→PERIOD,True,
175,Man shoots at 10-year-old girl when she asks if his gun was a toy,A Man shoots at 10 - year - old girl when she asks if his gun was a toy.,2,FW-ADD:ABSENT→a|C-ADD:ABSENT→PERIOD,True,
176,Woman visits same ATM for 17 days and catches thief who cheated her,A Woman visits same ATM for 17 days and catches thief who cheated her.,2,FW-ADD:ABSENT→a|C-ADD:ABSENT→PERIOD,True,
177,Protests in Bihar after teen girl found beheaded as kin allege rape,Protests in Bihar after teen girl found beheaded as kin allege rape.,1,C-ADD:ABSENT→PERIOD,True,
178,Can you speak in language I understand asks Kanimozhi to RS Dy Chairman,Can you speak in language I understand asks Kanimozhi to RS Dy Chairman.,1,C-ADD:ABSENT→PERIOD,True,
179,SpiceJet passenger was caught carrying 22 live cartridges in Pune,A SpiceJet passenger was caught carrying 22 live cartridges in Pune.,2,FW-ADD:ABSENT→a|C-ADD:ABSENT→PERIOD,True,
180,bodies of which 17 of them burned were found near US-Mexico border,bodies of which 17 of them burned were found near US - Mexico border.,1,C-ADD:ABSENT→PERIOD,True,
181,Was born to do Gully Boy and only I could pull it off says Ranveer,Was born to do Gully Boy and only I could pull it off says Ranveer.,1,C-ADD:ABSENT→PERIOD,True,
182,There is no substitute for hard work says Madhuri Dixit,There is no substitute for hard work says Madhuri Dixit.,1,C-ADD:ABSENT→PERIOD,True,
183,Cambridge Analytica owner ignores data request was fined ₹13.5L,Cambridge Analytica owner ignores data request was fined ₹ 13.5L.,1,C-ADD:ABSENT→PERIOD,True,
184,Instagram adds feature on iOS to post on multiple accounts,Instagram adds feature on iOS to post on multiple accounts.,1,C-ADD:ABSENT→PERIOD,True,
185,Google Search adds new feature to find past searches,Google Search adds new feature to find past searches.,1,C-ADD:ABSENT→PERIOD,True,
186,PM in 'tearing hurry' to sack CBI chief due to Rafale says Rahul,A PM in ' tearing hurry ' to sack CBI chief due to Rafale says Rahul.,2,FW-ADD:ABSENT→a|C-ADD:ABSENT→PERIOD,True,
187,Disappointed when misogyny is normalised in politics says Mufti,Disappointed when misogyny is normalised in politics says Mufti.,1,C-ADD:ABSENT→PERIOD,True,
188,Not many know how much Cong culture had damaged our defence says PM,Not many know how much Cong culture had damaged our defence says PM.,1,C-ADD:ABSENT→PERIOD,True,
189,HC rejects Lalu Prasad's bail plea in fodder scam cases,HC rejects Lalu Prasad 's bail plea in fodder scam cases.,1,C-ADD:ABSENT→PERIOD,True,
190,Government's 10% quota bill challenged in Supreme Court,Government 's 10 % quota bill challenged in Supreme Court.,1,C-ADD:ABSENT→PERIOD,True,
191,Try babysitting to survive govt shutdown says US Coast Guard to staff,Try babysitting to survive govt shutdown says US Coast Guard to staff.,1,C-ADD:ABSENT→PERIOD,True,
192,Jet Airways proposes late debt repayments to creditors,Jet Airways proposes late debt repayments to creditors.,1,C-ADD:ABSENT→PERIOD,True,
193,Bank of Baroda to increase minimum balance limit by 100%,Bank of Baroda to increase minimum balance limit by 100 %.,1,C-ADD:ABSENT→PERIOD,True,
194,Oscars 2019 to be held without host for 1st time in 30yrs says Report,Oscars 2019 to be held without host for 1st time in 30yrs says Report.,1,C-ADD:ABSENT→PERIOD,True,
195,Mumbai Police tweets road safety meme from Ranveer's 'Gully Boy',Mumbai Police tweets road safety meme from Ranveer 's ' Gully Boy '.,1,C-ADD:ABSENT→PERIOD,True,
196,CoA chief mulls 2-game ban on Pandya and Rahul for offensive comments,CoA chief mulls 2 - game ban on Pandya and Rahul for offensive comments.,1,C-ADD:ABSENT→PERIOD,True,
197,Aus man was arrested for sending suspicious package to Indian consulate,Aus man was arrested for sending suspicious package to Indian consulate.,1,C-ADD:ABSENT→PERIOD,True,
198,GST exemption limit was doubled to ₹40 lakh in relief to small firms,A GST exemption limit was doubled to ₹ 40 lakh in relief to small firms.,2,FW-ADD:ABSENT→a|C-ADD:ABSENT→PERIOD,True,
199,Thief fleeing with jewellery falls from 9th floor of building and dies,A Thief fleeing with jewellery falls from 9th floor of building and dies.,2,FW-ADD:ABSENT→a|C-ADD:ABSENT→PERIOD,True,
200,Not making Hindi mandatory and media report 'mischievous'says Govt,Not making Hindi mandatory and media report ' mischievous'says Govt.,1,C-ADD:ABSENT→PERIOD,True,
201,Pak ban on Indian content won't end contact among people says VK Singh,A Pak ban on Indian content wo n't end contact among people says VK Singh.,2,FW-ADD:ABSENT→a|C-ADD:ABSENT→PERIOD,True,
202,LGBTQ issues not acceptable in Army says Army chief Gen Bipin Rawat,LGBTQ issues not acceptable in Army says Army chief Gen Bipin Rawat.,1,C-ADD:ABSENT→PERIOD,True,
203,J&K IAS officer who quit had failed to condemn terror says Minister,J&K IAS officer who quit had failed to condemn terror says Minister.,1,C-ADD:ABSENT→PERIOD,True,
204,BJP youth wing member was arrested in Bulandshahr violence case,BJP youth wing member was arrested in Bulandshahr violence case.,1,C-ADD:ABSENT→PERIOD,True,
205,UP woman delivers baby on floor as no doctor was available,UP woman delivers baby on floor as no doctor was available.,1,C-ADD:ABSENT→PERIOD,True,
206,I was Denied immigration at Mumbai airport for not knowing Hindi says TN man,I was Denied immigration at Mumbai airport for not knowing Hindi says TN man.,1,C-ADD:ABSENT→PERIOD,True,
207,Menstruating woman dies after being forced to stay in a hut in Nepal,Menstruating woman dies after being forced to stay in a hut in Nepal.,1,C-ADD:ABSENT→PERIOD,True,
208,Google Assistant to offer real-time language translation,Google Assistant to offer real - time language translation.,1,C-ADD:ABSENT→PERIOD,True,
209,Smart e-bike that connects to Amazon's Alexa was unveiled at CES,Smart e - bike that connects to Amazon 's Alexa was unveiled at CES.,1,C-ADD:ABSENT→PERIOD,True,
210,Rahul's remark on Sitharaman is a new low in politics says Swaraj,Rahul 's remark on Sitharaman is a new low in politics says Swaraj.,1,C-ADD:ABSENT→PERIOD,True,
211,If ready for talks with Taliban then why not J&K separatists says Mufti,If ready for talks with Taliban then why not J&K separatists says Mufti.,1,C-ADD:ABSENT→PERIOD,True,
212,PM who had advised youth to fry pakodas gave reservation says Sena,PM who had advised youth to fry pakodas gave reservation says Sena.,1,C-ADD:ABSENT→PERIOD,True,
213,NCW sends notice to Rahul after his 'PM hid behind woman' remark,NCW sends notice to Rahul after his ' PM hid behind woman ' remark.,1,C-ADD:ABSENT→PERIOD,True,
214,Where will you get the jobs from asked Shiv Sena on 10% quota,Where will you get the jobs from asked Shiv Sena on 10 % quota.,1,C-ADD:ABSENT→PERIOD,True,
215,Ola parent raises $74 million and is at $5.7-billion valuation,An Ola parent raises $ 74 million and is at $ 5.7 - billion valuation.,2,FW-ADD:ABSENT→an|C-ADD:ABSENT→PERIOD,True,
216,B'desh man was jailed over photoshopped pics of Manmohan Singh and others,B'desh man was jailed over photoshopped pics of Manmohan Singh and others.,1,C-ADD:ABSENT→PERIOD,True,
217,BJP leader was shot dead in Bihar's Muzaffarpur district,BJP leader was shot dead in Bihar 's Muzaffarpur district.,1,C-ADD:ABSENT→PERIOD,True,
218,About 300 terrorists are waiting to enter into India says Army chief,About 300 terrorists are waiting to enter into India says Army chief.,1,C-ADD:ABSENT→PERIOD,True,
219,Robbers loot ₹25L cash and thrash passengers in Delhi-Bihar train,Robbers loot ₹ 25L cash and thrash passengers in Delhi - Bihar train.,1,C-ADD:ABSENT→PERIOD,True,
220,Prepare for jobs of the future with Great Learning’s AI program,Prepare for jobs of the future with Great Learning ’s AI program.,1,C-ADD:ABSENT→PERIOD,True,
221,One of the five SC judges in Ayodhya dispute opts out of the case,One of the five SC judges in Ayodhya dispute opts out of the case.,1,C-ADD:ABSENT→PERIOD,True,
222,Huawei announces the launch of Huawei Y9 2019 in India,Huawei announces the launch of Huawei Y9 2019 in India.,1,C-ADD:ABSENT→PERIOD,True,
223,36-yr-old woman dyes hair grey and claims that she entered temple,36 - yr - old woman dyes hair grey and claims that she entered temple.,1,C-ADD:ABSENT→PERIOD,True,
224,Team needed 6 runs to win off last ball but wins with 1 ball to spare,Team needed 6 runs to win off last ball but wins with 1 ball to spare.,1,C-ADD:ABSENT→PERIOD,True,
225,Tesla sued for its faulty battery after 2 teens died in 186-kmph crash,Tesla sued for its faulty battery after 2 teens died in 186 - kmph crash.,1,C-ADD:ABSENT→PERIOD,True,
226,Repeated radio signals were detected for 2nd time from outside Milky Way,Repeated radio signals were detected for 2nd time from outside Milky Way.,1,C-ADD:ABSENT→PERIOD,True,
227,Maharashtra woman was arrested for sexual abuse of friend's 11-yr-old son,Maharashtra woman was arrested for sexual abuse of friend 's 11 - yr - old son.,1,C-ADD:ABSENT→PERIOD,True,
228,Sidhu gets Z+ security and Land Cruiser from Punjab CM's fleet,Sidhu gets Z+ security and Land Cruiser from Punjab CM 's fleet.,1,C-ADD:ABSENT→PERIOD,True,
229,Going to give 1-year-old daughter AK-47 says Drug lord's text to wife,Going to give 1 - year - old daughter AK-47 says Drug lord 's text to wife.,1,C-ADD:ABSENT→PERIOD,True,
230,You can enjoy a day at the zoo because walls work says Trump's son,You can enjoy a day at the zoo because walls work says Trump 's son.,1,C-ADD:ABSENT→PERIOD,True,
231,New York's iconic 90-year-old Chrysler Building goes for sale,New York 's iconic 90 - year - old Chrysler Building goes for sale.,1,C-ADD:ABSENT→PERIOD,True,
232,Air India starts using food stocked from India on return flights,Air India starts using food stocked from India on return flights.,1,C-ADD:ABSENT→PERIOD,True,
233,₹73 crore crypto ransom was demanded for Norway millionaire's wife,₹ 73 crore crypto ransom was demanded for Norway millionaire 's wife.,1,C-ADD:ABSENT→PERIOD,True,
234,There is No point of reservation if it covers whole population says Amartya,There is No point of reservation if it covers whole population says Amartya.,1,C-ADD:ABSENT→PERIOD,True,
235,Cong fields Randeep Surjewala as its candidate for Jind bypoll,A Cong fields Randeep Surjewala as its candidate for Jind bypoll.,2,FW-ADD:ABSENT→a|C-ADD:ABSENT→PERIOD,True,
236,"After Saumitra Khan, TMC also expels Lok Sabha MP Anupam Hazra","After Saumitra Khan , TMC also expels Lok Sabha MP Anupam Hazra.",1,C-ADD:ABSENT→PERIOD,True,
237,3 Assam ministers resign in protest against the citizenship bill,3 Assam ministers resign in protest against the citizenship bill.,1,C-ADD:ABSENT→PERIOD,True,
238,IIT-Madras team create 'space fuel' to curb the greenhouse gases,IIT - Madras team create ' space fuel ' to curb the greenhouse gases.,1,C-ADD:ABSENT→PERIOD,True,
239,Man was tied to electricity pole and thrashed on theft suspicion,A Man was tied to electricity pole and thrashed on theft suspicion.,2,FW-ADD:ABSENT→a|C-ADD:ABSENT→PERIOD,True,
240,Army rescues 150 tourists in Sikkim stuck in sub-zero temperatures,Army rescues 150 tourists in Sikkim stuck in sub - zero temperatures.,1,C-ADD:ABSENT→PERIOD,True,
241,"Man was stabbed on Hyderabad street for not returning ₹5,000","A Man was stabbed on Hyderabad street for not returning ₹ 5,000.",2,FW-ADD:ABSENT→a|C-ADD:ABSENT→PERIOD,True,
242,Marathi literary body chief resigns after Sahgal’s invite row,Marathi literary body chief resigns after Sahgal ’s invite row.,1,C-ADD:ABSENT→PERIOD,True,
243,Ending war without Taliban talking to us is a 'dream' says  Afghanistan,Ending war without Taliban talking to us is a ' dream ' says   Afghanistan.,1,C-ADD:ABSENT→PERIOD,True,
244,Trump's Border Wall Debate Internal US Political Matter: Mexico President,Trump 's Border Wall Debate Internal US Political Matter : Mexico President.,1,C-ADD:ABSENT→PERIOD,True,
245,Unions are protesting on 'non-existent' issues says FM on Bharat Bandh,Unions are protesting on ' non - existent ' issues says FM on Bharat Bandh.,1,C-ADD:ABSENT→PERIOD,True,
246,quota for economically weak in the general category cleared by RS,A quota for economically weak in the general category cleared by RS.,2,FW-ADD:ABSENT→a|C-ADD:ABSENT→PERIOD,True,
247,Heard you are a good babysitter so I need one right now says Rohit to Pant,Heard you are a good babysitter so I need one right now says Rohit to Pant.,1,C-ADD:ABSENT→PERIOD,True,
248,Bihar spinner Aman takes 68 wickets and breaks Bedi's 44-yr-old record,Bihar spinner Aman takes 68 wickets and breaks Bedi 's 44 - yr - old record.,1,C-ADD:ABSENT→PERIOD,True,
249,21-year-old olympic champ said that his coach abused him  since he was 17,21 - year - old olympic champ said that his coach abused him   since he was 17.,1,C-ADD:ABSENT→PERIOD,True,
250,US island offers ₹91.6 lakh to two people to look after a lighthouse,US island offers ₹ 91.6 lakh to two people to look after a lighthouse.,1,C-ADD:ABSENT→PERIOD,True,
251,"IAS topper Omar resigns, saying that Bureaucracy's loss is politics' gain","IAS topper Omar resigns , saying that Bureaucracy 's loss is politics ' gain.",1,C-ADD:ABSENT→PERIOD,True,
252,Rahul said to PM Modi Be a man after his 'PM hid behind woman' remark (colon issue),Rahul said to PM Modi Be a man after his ' PM hid behind woman ' remark ( colon issue ).,1,C-ADD:ABSENT→PERIOD,True,
253,Delhi HC remarks that wife slapping man cannot be instigated to commit suicide (colon issue 1),Delhi HC remarks that wife slapping man can not be instigated to commit suicide ( colon issue 1 ).,1,C-ADD:ABSENT→PERIOD,True,
254,Report suggests that CBI Director cancels most transfer orders by interim chief (colon issue),A Report suggests that CBI Director cancels most transfer orders by interim chief ( colon issue ).,2,FW-ADD:ABSENT→a|C-ADD:ABSENT→PERIOD,True,
255,India allows  Bank Pasargad of Iran to open branch in Mumbai(apostrophe issue),India allows   Bank Pasargad of Iran to open branch in Mumbai(apostrophe issue ).,1,C-ADD:ABSENT→PERIOD,True,
256,Kangana denied any pressure on clash of the release of her film with film Thackeray( colon issue 1),Kangana denied any pressure on clash of the release of her film with film Thackeray ( colon issue 1 ).,1,C-ADD:ABSENT→PERIOD,True,
257,Pak SC ordered that they won't allow Indian TV shows as they damage culture,Pak SC ordered that they wo n't allow Indian TV shows as they damage culture.,1,C-ADD:ABSENT→PERIOD,True,
258,Mahesh said that I condemn the act on Fir against 'The Accidental ...',Mahesh said that I condemn the act on Fir against ' The Accidental ... '.,1,C-ADD:ABSENT→PERIOD,True,
259,Zoya said she is always surprised to be called elite class,Zoya said she is always surprised to be called elite class.,1,C-ADD:ABSENT→PERIOD,True,
260,Alia said both Ranveer and Ranbir are superb human beings and actors,Alia said both Ranveer and Ranbir are superb human beings and actors.,1,C-ADD:ABSENT→PERIOD,True,
261,Twitter is about to start a program to test new conversation features(helping verb missing issue),A Twitter is about to start a program to test new conversation features(helping verb missing issue ).,2,FW-ADD:ABSENT→a|C-ADD:ABSENT→PERIOD,True,
262,AI kit that can control wheelchair with face was shown at CES (helping verb issue),AI kit that can control wheelchair with face was shown at CES ( helping verb issue ).,1,C-ADD:ABSENT→PERIOD,True,
263,TMC MP Saumitra Khan joins BJP on which party says he was expelled (connecting two sentences),TMC MP Saumitra Khan joins BJP on which party says he was expelled ( connecting two sentences ).,1,C-ADD:ABSENT→PERIOD,True,
264,Sena said to BJP that they should solve farmer's issues first before talking about coalition,Sena said to BJP that they should solve farmer 's issues first before talking about coalition.,1,C-ADD:ABSENT→PERIOD,True,
265,E-pharmacy startup 1mg to raise $35mn at $200mn valuation (ambigious),An E - pharmacy startup 1 mg to raise $ 35mn at $ 200mn valuation ( ambigious ).,2,FW-ADD:ABSENT→an|C-ADD:ABSENT→PERIOD,True,
266,Snapdeal has to face prosecution in Karnataka for illegal drug sale( helping verb missing and abbreviation is used),Snapdeal has to face prosecution in Karnataka for illegal drug sale ( helping verb missing and abbreviation is used ).,1,C-ADD:ABSENT→PERIOD,True,
267,Delhi Police said that there is 11.72% decline in heinous crimes,Delhi Police said that there is 11.72 % decline in heinous crimes.,1,C-ADD:ABSENT→PERIOD,True,
268,Pak suspends licences of 16 pilots and 65 cabin crew members on having fake degrees( preposition missing),Pak suspends licences of 16 pilots and 65 cabin crew members on having fake degrees ( preposition missing ).,1,C-ADD:ABSENT→PERIOD,True,
269,Police seek DNA of male staff after US woman in coma gives birth( correct),Police seek DNA of male staff after US woman in coma gives birth ( correct ).,1,C-ADD:ABSENT→PERIOD,True,
270,Shell buys out Total's 26% stake in Hazira LNG and Port(correct),Shell buys out Total 's 26 % stake in Hazira LNG and Port(correct ).,1,C-ADD:ABSENT→PERIOD,True,
271,"Pfizer is shutting manufacturing plants in Chennai, Aurangabad (incorrect verb)","Pfizer is shutting manufacturing plants in Chennai , Aurangabad ( incorrect verb ).",1,C-ADD:ABSENT→PERIOD,True,
272,Boeing becomes world's largest planemaker for 7th year in straight,Boeing becomes world 's largest planemaker for 7th year in straight.,1,C-ADD:ABSENT→PERIOD,True,
273,World's richest person Jeff Bezos and wife to divorce after 25 years,World 's richest person Jeff Bezos and wife to divorce after 25 years.,1,C-ADD:ABSENT→PERIOD,True,
274,Kedarnath maker said about court case that Sara has no clue what he went through,A Kedarnath maker said about court case that Sara has no clue what he went through.,2,FW-ADD:ABSENT→a|C-ADD:ABSENT→PERIOD,True,
275,Aishwarya said she took bullets when it was cakewalk for other on pregnancy,Aishwarya said she took bullets when it was cakewalk for other on pregnancy.,1,C-ADD:ABSENT→PERIOD,True,
276,"MP lose 6 wickets without scoring a run, go from 35/3 to 35 all out (correct)","MP lose 6 wickets without scoring a run , go from 35/3 to 35 all out ( correct ).",1,C-ADD:ABSENT→PERIOD,True,
277,Ex-football coach dies after car hits tree on day of sex abuse trial (correct),An Ex - football coach dies after car hits tree on day of sex abuse trial ( correct ).,2,FW-ADD:ABSENT→an|C-ADD:ABSENT→PERIOD,True,
278,"Japan's passport ranked world's most powerful, India ranked 79th (verb missing in 2nd sentence)","Japan 's passport ranked world 's most powerful , India ranked 79th ( verb missing in 2nd sentence ).",1,C-ADD:ABSENT→PERIOD,True,
279,"Daggers, hydrogen peroxide is recovered in police raid at RSS office (is missing)","Daggers , hydrogen peroxide is recovered in police raid at RSS office ( is missing ).",1,C-ADD:ABSENT→PERIOD,True,
280,PM Modi asked was Rafale deal held up because of Michel mama ( colon issue 1),A PM Modi asked was Rafale deal held up because of Michel mama ( colon issue 1 ).,2,FW-ADD:ABSENT→a|C-ADD:ABSENT→PERIOD,True,
281,"Amazon got criticism on selling toilet covers with Islam's holy text (verb missing , 2 sentences)","Amazon got criticism on selling toilet covers with Islam 's holy text ( verb missing , 2 sentences ).",1,C-ADD:ABSENT→PERIOD,True,
282,RBI gives $400 million to Sri Lanka's central bank under swap deal,RBI gives $ 400 million to Sri Lanka 's central bank under swap deal.,1,C-ADD:ABSENT→PERIOD,True,
283,Scientists discover a process that stabilises fusion plasmas,Scientists discover a process that stabilises fusion plasmas.,1,C-ADD:ABSENT→PERIOD,True,
284,India is 2nd highest contributor to IBM's 2018 US patent record ( is missing),India is 2nd highest contributor to IBM 's 2018 US patent record ( is missing ).,1,C-ADD:ABSENT→PERIOD,True,
285,"PM Modi launches projects worth ₹3,500 crore in Agra (correct)","A PM Modi launches projects worth ₹ 3,500 crore in Agra ( correct ).",2,FW-ADD:ABSENT→a|C-ADD:ABSENT→PERIOD,True,
286,World Bank's outgoing President is joining private equity firm (incorrect verb used to -> is + verb+ing),World Bank 's outgoing President is joining private equity firm ( incorrect verb used to - > is + verb+ing ).,1,C-ADD:ABSENT→PERIOD,True,
287,Apple CEO Tim Cook earns ₹960 crore in 2018 (correct),Apple CEO Tim Cook earns ₹ 960 crore in 2018 ( correct ).,1,C-ADD:ABSENT→PERIOD,True,
288,South Korean startup makes ₹1.2L smart treadmill for cats (correct),South Korean startup makes ₹ 1.2L smart treadmill for cats ( correct ).,1,C-ADD:ABSENT→PERIOD,True,
289,"Car sales in China, world's biggest market, fall 1st time in 20 yrs (correct)","A Car sales in China , world 's biggest market , fall 1st time in 20 yrs ( correct ).",2,FW-ADD:ABSENT→a|C-ADD:ABSENT→PERIOD,True,
290,Nun who protested against bishop gets 'anti-religious life' notice (correct),Nun who protested against bishop gets ' anti - religious life ' notice ( correct ).,1,C-ADD:ABSENT→PERIOD,True,
291,Noida installs 'tyre killers' to stop vehicles driving on wrong side (correct),Noida installs ' tyre killers ' to stop vehicles driving on wrong side ( correct ).,1,C-ADD:ABSENT→PERIOD,True,
292,Photoshop failure shows Australia PM with 2 left feet in portrait (noun is mistaken as verb),A Photoshop failure shows Australia PM with 2 left feet in portrait ( noun is mistaken as verb ).,2,FW-ADD:ABSENT→a|C-ADD:ABSENT→PERIOD,True,
293,YouTube faces global outage for over an hour (correct),A YouTube faces global outage for over an hour ( correct ).,2,FW-ADD:ABSENT→a|C-ADD:ABSENT→PERIOD,True,
294,It was unveiled at CES that tech will monitor drivers and passengers in cars (),It was unveiled at CES that tech will monitor drivers and passengers in cars ( ).,1,C-ADD:ABSENT→PERIOD,True,
295,Fire breaks out at under-construction hospital in Maharashtra,A Fire breaks out at under - construction hospital in Maharashtra.,2,FW-ADD:ABSENT→a|C-ADD:ABSENT→PERIOD,True,
296,Oldest person in US died at age of 114 ( incorrect verb form is used),Oldest person in US died at age of 114 ( incorrect verb form is used ).,1,C-ADD:ABSENT→PERIOD,True,
297,Yes Bank finalises names of potential successors to Rana Kapoor (correct),Yes Bank finalises names of potential successors to Rana Kapoor ( correct ).,1,C-ADD:ABSENT→PERIOD,True,
298,Govt to issue new safety rules for A320neos with P&W engines (correct),Govt to issue new safety rules for A320neos with P&W engines ( correct ).,1,C-ADD:ABSENT→PERIOD,True,
299,Rishabh Pant dances to Bharat Army's 'babysit' song dedicated to him (correct),Rishabh Pant dances to Bharat Army 's ' babysit ' song dedicated to him ( correct ).,1,C-ADD:ABSENT→PERIOD,True,
300,6 Indians fined for illegal betting in Bangladesh Premier League (correct),6 Indians fined for illegal betting in Bangladesh Premier League ( correct ).,1,C-ADD:ABSENT→PERIOD,True,
301,Body of 25-year-old woman found inside suitcase in Delhi,A Body of 25 - year - old woman found inside suitcase in Delhi.,2,FW-ADD:ABSENT→a|C-ADD:ABSENT→PERIOD,True,
302,Fitness trainer in J&K hospitalised over addiction to PUBG,A Fitness trainer in J&K hospitalised over addiction to PUBG.,2,FW-ADD:ABSENT→a|C-ADD:ABSENT→PERIOD,True,
303,Man drives a truck on fire to isolated place to avoid risk to others,A Man drives a truck on fire to isolated place to avoid risk to others.,2,FW-ADD:ABSENT→a|C-ADD:ABSENT→PERIOD,True,
304,Journalist is jailed over Paradise Papers probe on previous Turkey PM (ex-> previous ; is missing),A Journalist is jailed over Paradise Papers probe on previous Turkey PM ( ex- > previous ; is missing ).,2,FW-ADD:ABSENT→a|C-ADD:ABSENT→PERIOD,True,
305,Indian oil companies has started paying Iran for oil in rupees ( has missing + third form of verb missing),Indian oil companies has started paying Iran for oil in rupees ( has missing + third form of verb missing ).,1,C-ADD:ABSENT→PERIOD,True,
306,WhatsApp may introduce fingerprint verification for Android,WhatsApp may introduce fingerprint verification for Android.,1,C-ADD:ABSENT→PERIOD,True,
307,"AT&T updates 4G logo with '5G E', got criticism for misleading (2 sentences, missing verb)","AT&T updates 4 G logo with ' 5 G E ' , got criticism for misleading ( 2 sentences , missing verb ).",1,C-ADD:ABSENT→PERIOD,True,
308,Shiv Sena tells BJP that Do not threaten us or we will bury you ( that missing for someone said something),Shiv Sena tells BJP that Do not threaten us or we will bury you ( that missing for someone said something ).,1,C-ADD:ABSENT→PERIOD,True,
309,"PM Modi launches road, sewerage projects in Maharashtra","A PM Modi launches road , sewerage projects in Maharashtra.",2,FW-ADD:ABSENT→a|C-ADD:ABSENT→PERIOD,True,
310,7 parties seek registration from Election Commission,7 parties seek registration from Election Commission.,1,C-ADD:ABSENT→PERIOD,True,
311,Lucknow's 'Andhe Ki Chowki' and 'Langda Phatak' to be renamed (and is misssing),Lucknow 's ' Andhe Ki Chowki ' and ' Langda Phatak ' to be renamed ( and is misssing ).,1,C-ADD:ABSENT→PERIOD,True,
312,Taliban cancels peace talks with US over agenda disagreement,Taliban cancels peace talks with US over agenda disagreement.,1,C-ADD:ABSENT→PERIOD,True,
313,"Assets worth ₹6,000cr detected under foreign black money law","Assets worth ₹ 6,000cr detected under foreign black money law.",1,C-ADD:ABSENT→PERIOD,True,
314,UpGrad & IIIT B's Data Science program sees 90% rise in enrolment,UpGrad & IIIT B 's Data Science program sees 90 % rise in enrolment.,1,C-ADD:ABSENT→PERIOD,True,
315,"BCCI has given 24hrs to Pandya, KL Rahul to explain their remarks on talk show ( has + verb form missing)","BCCI has given 24hrs to Pandya , KL Rahul to explain their remarks on talk show ( has + verb form missing ).",1,C-ADD:ABSENT→PERIOD,True,
316,CBI chief Alok Verma resumes work after 77-day leave,CBI chief Alok Verma resumes work after 77 - day leave.,1,C-ADD:ABSENT→PERIOD,True,
317,Cong appoints Apsara Reddy as 1st transgender office-bearer,A Cong appoints Apsara Reddy as 1st transgender office - bearer.,2,FW-ADD:ABSENT→a|C-ADD:ABSENT→PERIOD,True,
318,Private FM stations allowed to air news from All India Radio,Private FM stations allowed to air news from All India Radio.,1,C-ADD:ABSENT→PERIOD,True,
319,"India and Norway agreed to collaborate each other on ocean economy and SDGs ( verb missing , ,-> and)","India and Norway agreed to collaborate each other on ocean economy and SDGs ( verb missing , , - > and ).",1,C-ADD:ABSENT→PERIOD,True,
320,Tamil Nadu announces creation of 33rd district Kallakurichi,Tamil Nadu announces creation of 33rd district Kallakurichi.,1,C-ADD:ABSENT→PERIOD,True,
321,Protestor dies in Karnataka during strike by trade unions,Protestor dies in Karnataka during strike by trade unions.,1,C-ADD:ABSENT→PERIOD,True,
322,Tamil Nadu District Collector enrolls daughter at anganwadi,Tamil Nadu District Collector enrolls daughter at anganwadi.,1,C-ADD:ABSENT→PERIOD,True,
323,"passengers were grounded for 2 hours with dead body after Man dies on flight (2 sentences, conncetor missing)","passengers were grounded for 2 hours with dead body after Man dies on flight ( 2 sentences , conncetor missing ).",1,C-ADD:ABSENT→PERIOD,True,
324,Trump calls Indian-origin policeman killed in US a national hero,A Trump calls Indian - origin policeman killed in US a national hero.,2,FW-ADD:ABSENT→a|C-ADD:ABSENT→PERIOD,True,
325,"A girl from saudi who was seeking asylum has given refugee status by UN ( 2 sentences, mixture)","A girl from saudi who was seeking asylum has given refugee status by UN ( 2 sentences , mixture ).",1,C-ADD:ABSENT→PERIOD,True,
326,A Man is found dead at night shelter for homeless in Aligarh ( is missing),A Man is found dead at night shelter for homeless in Aligarh ( is missing ).,1,C-ADD:ABSENT→PERIOD,True,
327,Five of a family found dead at home in Uttar Pradesh,Five of a family found dead at home in Uttar Pradesh.,1,C-ADD:ABSENT→PERIOD,True,
328,"10-yr-old child consumed insecticide, he said there was no food at home ( noun missing)","10 - yr - old child consumed insecticide , he said there was no food at home ( noun missing ).",1,C-ADD:ABSENT→PERIOD,True,
329,"Two men try to sell pangolin worth ₹40 lakh, held in Thane","Two men try to sell pangolin worth ₹ 40 lakh , held in Thane.",1,C-ADD:ABSENT→PERIOD,True,
330,Cabinet approves ST status for 6 communities in Assam,Cabinet approves ST status for 6 communities in Assam.,1,C-ADD:ABSENT→PERIOD,True,
331,Buddha boy is under probe in Nepal over missing devotees ( is missing),A Buddha boy is under probe in Nepal over missing devotees ( is missing ).,2,FW-ADD:ABSENT→a|C-ADD:ABSENT→PERIOD,True,
332,I&B Ministry raises govt's ad rates in print media by 25%,I&B Ministry raises govt 's ad rates in print media by 25 %.,1,C-ADD:ABSENT→PERIOD,True,
333,LS passes 10% quota bill for economically weak in general category,LS passes 10 % quota bill for economically weak in general category.,1,C-ADD:ABSENT→PERIOD,True,
334,Video goes viral of father dragging his daughter by hoodie at the airport (2 sentences mixture),A Video goes viral of father dragging his daughter by hoodie at the airport ( 2 sentences mixture ).,2,FW-ADD:ABSENT→a|C-ADD:ABSENT→PERIOD,True,
335,"During SA tour Pak batsman claims that he is under spell of black magic ( that missing, sentence reformation)","During SA tour Pak batsman claims that he is under spell of black magic ( that missing , sentence reformation ).",1,C-ADD:ABSENT→PERIOD,True,
336,"Lankan bowler takes all 10 wickets in innings by  giving just 37 runs(,-> by)","Lankan bowler takes all 10 wickets in innings by   giving just 37 runs(,- > by ).",1,C-ADD:ABSENT→PERIOD,True,
337,TMC MP wears PM Modi mask during protest in Parliament complex,TMC MP wears PM Modi mask during protest in Parliament complex.,1,C-ADD:ABSENT→PERIOD,True,
338,"6 fight with pub staff for not playing Sapna Choudhary song, held","6 fight with pub staff for not playing Sapna Choudhary song , held.",1,C-ADD:ABSENT→PERIOD,True,
339,Indian origin cop jailed for forging molestation victim's statement (hyphen),Indian origin cop jailed for forging molestation victim 's statement ( hyphen ).,1,C-ADD:ABSENT→PERIOD,True,
340,Japanese startup makes smart wooden plank that plays music,Japanese startup makes smart wooden plank that plays music.,1,C-ADD:ABSENT→PERIOD,True,
341,WhatsApp adds private reply feature for group chats on iOS,WhatsApp adds private reply feature for group chats on iOS.,1,C-ADD:ABSENT→PERIOD,True,
342,Pune medtech startup gets ₹50 lakh from govt enterprise,Pune medtech startup gets ₹ 50 lakh from govt enterprise.,1,C-ADD:ABSENT→PERIOD,True,
343,"Goa Police and B'luru startup build tech to spot illegal drones(,-> and)","Goa Police and B'luru startup build tech to spot illegal drones(,- > and ).",1,C-ADD:ABSENT→PERIOD,True,
344,Scientists use AI to make inexpensive heart disease detector,Scientists use AI to make inexpensive heart disease detector.,1,C-ADD:ABSENT→PERIOD,True,
345,Implant that may restore facial movement post paralysis made (correct),Implant that may restore facial movement post paralysis made ( correct ).,1,C-ADD:ABSENT→PERIOD,True,
346,Union Minister KIren Rijiju said that there is no plans to repeal AFSPA(colon issue),Union Minister KIren Rijiju said that there is no plans to repeal AFSPA(colon issue ).,1,C-ADD:ABSENT→PERIOD,True,
347,Nagpur police said that youth approched us to find 'stolen heart' (colon issue),Nagpur police said that youth approched us to find ' stolen heart ' ( colon issue ).,1,C-ADD:ABSENT→PERIOD,True,
348,Report said that Ex-Saudi aide and key suspect in journo murder is missing (colon issue),Report said that Ex - Saudi aide and key suspect in journo murder is missing ( colon issue ).,1,C-ADD:ABSENT→PERIOD,True,
349,Video suggests that Putin has marked Russian Christmas by firing cannon (colon issue),A Video suggests that Putin has marked Russian Christmas by firing cannon ( colon issue ).,2,FW-ADD:ABSENT→a|C-ADD:ABSENT→PERIOD,True,
350,Essar Group have repayed more than 80% of its total debt in 2 years (has missing),Essar Group have repayed more than 80 % of its total debt in 2 years ( has missing ).,1,C-ADD:ABSENT→PERIOD,True,
351,After Monsanto verdict RSS outfits seeks change in rules of change in patent,After Monsanto verdict RSS outfits seeks change in rules of change in patent.,1,C-ADD:ABSENT→PERIOD,True,
352,RBI suggests that Mobile wallet transactions has been declined by 5.7% in November. (colon issue),RBI suggests that Mobile wallet transactions has been declined by 5.7 % in November . ( colon issue ).,1,C-ADD:ABSENT→PERIOD,True,
353,SC's 5-judge bench led by CJI to hear Ayodhya case from Jan 10 (correct),SC 's 5 - judge bench led by CJI to hear Ayodhya case from Jan 10 ( correct ).,1,C-ADD:ABSENT→PERIOD,True,
354,Royal Enfield President Rudratej Singh steps down (correct),Royal Enfield President Rudratej Singh steps down ( correct ).,1,C-ADD:ABSENT→PERIOD,True,
355,Ocean plastic collecting pipe has  broken apart in the Pacific,An Ocean plastic collecting pipe has   broken apart in the Pacific.,2,FW-ADD:ABSENT→an|C-ADD:ABSENT→PERIOD,True,
356,Azam Khan has demanded 5% reservation for Muslim community,Azam Khan has demanded 5 % reservation for Muslim community.,1,C-ADD:ABSENT→PERIOD,True,
357,Incense sticks to be made out of flower waste in Lucknow,An Incense sticks to be made out of flower waste in Lucknow.,2,FW-ADD:ABSENT→an|C-ADD:ABSENT→PERIOD,True,
358,MFB report has suggested that ESIC Hospital fire caused due to illegal canteen (colon issue),A MFB report has suggested that ESIC Hospital fire caused due to illegal canteen ( colon issue ).,2,FW-ADD:ABSENT→a|C-ADD:ABSENT→PERIOD,True,
359,3 has been killed and 300 has been injured in a train crash in South Africa,3 has been killed and 300 has been injured in a train crash in South Africa.,1,C-ADD:ABSENT→PERIOD,True,
360,Israel to seek $250 bn from Arab nations that expelled Jews (correct),Israel to seek $ 250 bn from Arab nations that expelled Jews ( correct ).,1,C-ADD:ABSENT→PERIOD,True,
361,Rwanda has  banned skin lightening cosmetics( has + verb missing),Rwanda has   banned skin lightening cosmetics ( has + verb missing ).,1,C-ADD:ABSENT→PERIOD,True,
362,Zoya Akhtar said that Film technicians need to be paid more (colon issue),Zoya Akhtar said that Film technicians need to be paid more ( colon issue ).,1,C-ADD:ABSENT→PERIOD,True,
363,Guptill has taken one-handed catch to deny Perera 2nd straight ton,Guptill has taken one - handed catch to deny Perera 2nd straight ton.,1,C-ADD:ABSENT→PERIOD,True,
364,Third top-level executive has been exited from Infosys,Third top - level executive has been exited from Infosys.,1,C-ADD:ABSENT→PERIOD,True,
365,Angad said that it is hypocrisy on social media criticism of Neha's pregnancy,Angad said that it is hypocrisy on social media criticism of Neha 's pregnancy.,1,C-ADD:ABSENT→PERIOD,True,
366,Pak PM Imran Khan has congratuled Virat Kohli for the recored series win,Pak PM Imran Khan has congratuled Virat Kohli for the recored series win.,1,C-ADD:ABSENT→PERIOD,True,
367,BCCI declared that IPL 2019 has to take place entirely in India despite of elections,BCCI declared that IPL 2019 has to take place entirely in India despite of elections.,1,C-ADD:ABSENT→PERIOD,True,
368,Ahead of the CES tech event humanoid robot has been hit by Tesla Car,Ahead of the CES tech event humanoid robot has been hit by Tesla Car.,1,C-ADD:ABSENT→PERIOD,True,
369,Omar said that BJP remembered to give quota after defeat in recent polls (colon issue),Omar said that BJP remembered to give quota after defeat in recent polls ( colon issue ).,1,C-ADD:ABSENT→PERIOD,True,
370,Food Startup Innerchef has raised 45 cr in series B funding,A Food Startup Innerchef has raised 45 cr in series B funding.,2,FW-ADD:ABSENT→a|C-ADD:ABSENT→PERIOD,True,
371,Jaitley remarked balanced decision on SC order to reinstate Alok Verma (colon issue),Jaitley remarked balanced decision on SC order to reinstate Alok Verma ( colon issue ).,1,C-ADD:ABSENT→PERIOD,True,
372,2 sisters jump into crocodile-infested river to save 10 people (correct),2 sisters jump into crocodile - infested river to save 10 people ( correct ).,1,C-ADD:ABSENT→PERIOD,True,
373,Man kills wife's brother to get her sympathy votes in poll,A Man kills wife 's brother to get her sympathy votes in poll.,2,FW-ADD:ABSENT→a|C-ADD:ABSENT→PERIOD,True,
374,"PM Modi and  Trump discuss trade deficit and  Afghanistan over phone(,-> and)","A PM Modi and   Trump discuss trade deficit and   Afghanistan over phone(,- > and ).",2,FW-ADD:ABSENT→a|C-ADD:ABSENT→PERIOD,True,
375,Jaitley misquoted James Bond to suit himself: Derek O'Brien,A Jaitley misquoted James Bond to suit himself : Derek O'Brien.,2,FW-ADD:ABSENT→a|C-ADD:ABSENT→PERIOD,True,
376,"cabinet clears merger of Dena Bank, Vijaya Bank with Bank of Baroda","cabinet clears merger of Dena Bank , Vijaya Bank with Bank of Baroda.",1,C-ADD:ABSENT→PERIOD,True,
377,trucking startup Fortigo to raise $50mn to enter lending services,A trucking startup Fortigo to raise $ 50mn to enter lending services.,2,FW-ADD:ABSENT→a|C-ADD:ABSENT→PERIOD,True,
378,Zomato in talks to raise up to $1 billion in funding: Report,Zomato in talks to raise up to $ 1 billion in funding : Report.,1,C-ADD:ABSENT→PERIOD,True,
379,ISRO plans to launch 32 space missions in 2019: Chairman,An ISRO plans to launch 32 space missions in 2019 : Chairman.,2,FW-ADD:ABSENT→an|C-ADD:ABSENT→PERIOD,True,
380,Israel Scientists make drug to remove ageing cells in mice,Israel Scientists make drug to remove ageing cells in mice.,1,C-ADD:ABSENT→PERIOD,True,
381,UGC stopping scholarship grants to researchers: Mamata,UGC stopping scholarship grants to researchers : Mamata.,1,C-ADD:ABSENT→PERIOD,True,
382,Sachin Tendulkar's childhood coach Ramakant Achrekar dies aged 86,Sachin Tendulkar 's childhood coach Ramakant Achrekar dies aged 86.,1,C-ADD:ABSENT→PERIOD,True,
383,Give me 20 minutes with PM for one-on-one debate on Rafale: Rahul,Give me 20 minutes with PM for one - on - one debate on Rafale : Rahul.,1,C-ADD:ABSENT→PERIOD,True,
384,6 killed in Denmark's worst train accident in 30 years,6 killed in Denmark 's worst train accident in 30 years.,1,C-ADD:ABSENT→PERIOD,True,
385,GST fine waived for late returns between July 2017-Sep 2018,GST fine waived for late returns between July 2017 - Sep 2018.,1,C-ADD:ABSENT→PERIOD,True,
386,NCLT allows govt to reopen IL&FS accounts for past 5 years,NCLT allows govt to reopen IL&FS accounts for past 5 years.,1,C-ADD:ABSENT→PERIOD,True,
387,Direct tax-to-GDP ratio of 5.98% in FY18 best in 10 years: Govt,Direct tax - to - GDP ratio of 5.98 % in FY18 best in 10 years : Govt.,1,C-ADD:ABSENT→PERIOD,True,
388,The World largest cigarette maker plans IPO for its Global Arm,The World largest cigarette maker plans IPO for its Global Arm.,1,C-ADD:ABSENT→PERIOD,True,
389,Govt approves â‚1600 cr subsidy for exporters of select goods,Govt approves â‚1600 cr subsidy for exporters of select goods.,1,C-ADD:ABSENT→PERIOD,True,
390,"I've no memory of 4 months, still in shock: Janhvi on mother's death","I 've no memory of 4 months , still in shock : Janhvi on mother 's death.",1,C-ADD:ABSENT→PERIOD,True,
391,Ex-boyfriend used to beat me in front of my friends: Uttaran actress,An Ex - boyfriend used to beat me in front of my friends : Uttaran actress.,2,FW-ADD:ABSENT→an|C-ADD:ABSENT→PERIOD,True,
392,I'll be your sister for life: Dipika to Sreesanth post Bigg Boss win,I 'll be your sister for life : Dipika to Sreesanth post Bigg Boss win.,1,C-ADD:ABSENT→PERIOD,True,
393,Can they tell me too: Ariana on article saying 'Who is Ariana dating?',Can they tell me too : Ariana on article saying ' Who is Ariana dating ? '.,1,C-ADD:ABSENT→PERIOD,True,
394,"India name 13-man squad for Sydney Test, Ishant Sharma out injured","India name 13 - man squad for Sydney Test , Ishant Sharma out injured.",1,C-ADD:ABSENT→PERIOD,True,
395,Hawai jahaz Bachpan me banaye nahi? Speaker to Congress MPs,Hawai jahaz Bachpan me banaye nahi ? Speaker to Congress MPs.,1,C-ADD:ABSENT→PERIOD,True,
396,Arun Jaitley quotes James Bond movie against Gandhi family in LS,Arun Jaitley quotes James Bond movie against Gandhi family in LS.,1,C-ADD:ABSENT→PERIOD,True,
397,Congress MPs hurl paper-planes at Jaitley amid Rafale debate in LS,Congress MPs hurl paper - planes at Jaitley amid Rafale debate in LS.,1,C-ADD:ABSENT→PERIOD,True,
398,"Pakistan misplaced 23 Indian passports, confirms Sushma Swaraj","Pakistan misplaced 23 Indian passports , confirms Sushma Swaraj.",1,C-ADD:ABSENT→PERIOD,True,
399,"Police raids PNB branch on New Year, arrests partying drunk staff","A Police raids PNB branch on New Year , arrests partying drunk staff.",2,FW-ADD:ABSENT→a|C-ADD:ABSENT→PERIOD,True,
400,Jeff Bezos celebrates New Year by riding horse into US store,Jeff Bezos celebrates New Year by riding horse into US store.,1,C-ADD:ABSENT→PERIOD,True,
401,"Iran to invest â‚11,500 cr in Chennai Petroleum's refinery expansion","Iran to invest â‚11,500 cr in Chennai Petroleum 's refinery expansion.",1,C-ADD:ABSENT→PERIOD,True,
402,I try to be voice for voiceless animals: Randeep Hooda,I try to be voice for voiceless animals : Randeep Hooda.,1,C-ADD:ABSENT→PERIOD,True,
403,Sara may Star in Remo's film post Katrina's exit: Report,Sara may Star in Remo 's film post Katrina 's exit : Report.,1,C-ADD:ABSENT→PERIOD,True,
404,Netflix criticised for pulling comedy show episode in Saudi,Netflix criticised for pulling comedy show episode in Saudi.,1,C-ADD:ABSENT→PERIOD,True,
405,HC sets aside ED order attaching Tech Mahindra's FDs worth â‚1822 cr,HC sets aside ED order attaching Tech Mahindra 's FDs worth â‚1822 cr.,1,C-ADD:ABSENT→PERIOD,True,
406,Ex-Google workers' AI startup to make people 'happy' at work,Ex - Google workers ' AI startup to make people ' happy ' at work.,1,C-ADD:ABSENT→PERIOD,True,
407,Centre planning shutdown of sites over fake news: Reports,A Centre planning shutdown of sites over fake news : Reports.,2,FW-ADD:ABSENT→a|C-ADD:ABSENT→PERIOD,True,
408,According to a report Ola raises a 14 crore from China Scooter Making firm,According to a report Ola raises a 14 crore from China Scooter Making firm.,1,C-ADD:ABSENT→PERIOD,True,
409,Live up to 'GOAT' nickname in Sydney: Australia PM to Nathan Lyon,Live up to ' GOAT ' nickname in Sydney : Australia PM to Nathan Lyon.,1,C-ADD:ABSENT→PERIOD,True,
410,Parrikar has Rafale files in his bedroom: Audio clip by Congress,Parrikar has Rafale files in his bedroom : Audio clip by Congress.,1,C-ADD:ABSENT→PERIOD,True,
411,Congress desperate to fabricate facts: Parrikar on Rafale audio clip,Congress desperate to fabricate facts : Parrikar on Rafale audio clip.,1,C-ADD:ABSENT→PERIOD,True,
412,"2 women entered Sabarimala Temple today, confirms Kerala CM","2 women entered Sabarimala Temple today , confirms Kerala CM.",1,C-ADD:ABSENT→PERIOD,True,
413,Faced no protest from devotees: Woman who entered Sabarimala,Faced no protest from devotees : Woman who entered Sabarimala.,1,C-ADD:ABSENT→PERIOD,True,
414,SC to hear plea on rescue of miners trapped in Meghalaya,SC to hear plea on rescue of miners trapped in Meghalaya.,1,C-ADD:ABSENT→PERIOD,True,
415,Pakistan claims it shot down 'Indian spy quadcopter',Pakistan claims it shot down ' Indian spy quadcopter '.,1,C-ADD:ABSENT→PERIOD,True,
416,Crore Aadhaar cards issued to people till Nov 2018: Govt,Crore Aadhaar cards issued to people till Nov 2018 : Govt.,1,C-ADD:ABSENT→PERIOD,True,
417,Ex-MLA who allegedly shot at woman during NYE party arrested,An Ex - MLA who allegedly shot at woman during NYE party arrested.,2,FW-ADD:ABSENT→an|C-ADD:ABSENT→PERIOD,True,
418,"Speeding car hits girl in Mumbai, victim thrown in air on impact","Speeding car hits girl in Mumbai , victim thrown in air on impact.",1,C-ADD:ABSENT→PERIOD,True,
419,"The High Speed car hits girl in Mumbai, victim thrown in air on impact","The High Speed car hits girl in Mumbai , victim thrown in air on impact.",1,C-ADD:ABSENT→PERIOD,True,
420,China building 'most advanced' naval warships for Pakistan: Report,China building ' most advanced ' naval warships for Pakistan : Report.,1,C-ADD:ABSENT→PERIOD,True,
421,"Cathay Pacific mistakenly sells â‚111.2 lakh tickets for â‚147,000","Cathay Pacific mistakenly sells â‚111.2 lakh tickets for â‚147,000.",1,C-ADD:ABSENT→PERIOD,True,
422,Jet Airways misses loan repayment for the first time ever,Jet Airways misses loan repayment for the first time ever.,1,C-ADD:ABSENT→PERIOD,True,
423,I was just a vessel of change: Tanushree on #MeToo,I was just a vessel of change : Tanushree on # MeToo.,1,C-ADD:ABSENT→PERIOD,True,
424,Google wins US approval for radar-based hand motion sensor,Google wins US approval for radar - based hand motion sensor.,1,C-ADD:ABSENT→PERIOD,True,
425,Waymo self-driving vehicles being vandalised in US: Report,A Waymo self - driving vehicles being vandalised in US : Report.,2,FW-ADD:ABSENT→a|C-ADD:ABSENT→PERIOD,True,
426,Words of an outgoing PM have no effect: AAP on PM's interview,Words of an outgoing PM have no effect : AAP on PM 's interview.,1,C-ADD:ABSENT→PERIOD,True,
427,Ex-CM demands MP govt reintroduce ritual of 'Vande Mataram',An Ex - CM demands MP govt reintroduce ritual of ' Vande Mataram '.,2,FW-ADD:ABSENT→an|C-ADD:ABSENT→PERIOD,True,
428,Hindus can't wait till eternity for verdict: VHP on Ram Mandir,Hindus ca n't wait till eternity for verdict : VHP on Ram Mandir.,1,C-ADD:ABSENT→PERIOD,True,
429,Tamil Nadu moves SC against reopening of Sterlite plant,Tamil Nadu moves SC against reopening of Sterlite plant.,1,C-ADD:ABSENT→PERIOD,True,
430,"Brazil liberated from socialism, says new President at inauguration","Brazil liberated from socialism , says new President at inauguration.",1,C-ADD:ABSENT→PERIOD,True,
431,New President at inauguration said that Brazil is liberated from socialism,New President at inauguration said that Brazil is liberated from socialism.,1,C-ADD:ABSENT→PERIOD,True,
432,Mexico Mayor assassinated less than 2 hrs after taking office,Mexico Mayor assassinated less than 2 hrs after taking office.,1,C-ADD:ABSENT→PERIOD,True,
433,Govt appoints LIC MD Bhargava as the insurer's interim Chairman,Govt appoints LIC MD Bhargava as the insurer 's interim Chairman.,1,C-ADD:ABSENT→PERIOD,True,
434,RBI allows restructuring of small business loans of up to â‚125 cr,RBI allows restructuring of small business loans of up to â‚125 cr.,1,C-ADD:ABSENT→PERIOD,True,
435,Kunal Shah launches CRED to reward creditworthy credit card users,Kunal Shah launches CRED to reward creditworthy credit card users.,1,C-ADD:ABSENT→PERIOD,True,
436,"Warne gave 150 runs, took only Shastri's wicket on Test debut","Warne gave 150 runs , took only Shastri 's wicket on Test debut.",1,C-ADD:ABSENT→PERIOD,True,
437,Hungry anyone? Deepika on dosa named after her in US restaurant,Hungry anyone ? Deepika on dosa named after her in US restaurant.,1,C-ADD:ABSENT→PERIOD,True,
438,"'The Accidental' trailer is missing, please help: Anupam to YouTube","' The Accidental ' trailer is missing , please help : Anupam to YouTube.",1,C-ADD:ABSENT→PERIOD,True,
439,Amy Jackson gets engaged to British businessman George Panayiotou,Amy Jackson gets engaged to British businessman George Panayiotou.,1,C-ADD:ABSENT→PERIOD,True,
440,Kader Khan was not just my ustaad but a father figure: Govinda,Kader Khan was not just my ustaad but a father figure : Govinda.,1,C-ADD:ABSENT→PERIOD,True,
441,Kolkata professor asked me to bathe with him in river: Student,Kolkata professor asked me to bathe with him in river : Student.,1,C-ADD:ABSENT→PERIOD,True,
442,Neighbour stabs couple to death while locals film incident in Delhi,Neighbour stabs couple to death while locals film incident in Delhi.,1,C-ADD:ABSENT→PERIOD,True,
443,"Court grants divorce via WhatsApp as husband in Nagpur, wife in US","A Court grants divorce via WhatsApp as husband in Nagpur , wife in US.",2,FW-ADD:ABSENT→a|C-ADD:ABSENT→PERIOD,True,
444,2 women who entered Sabarimala ask SC for police protection,2 women who entered Sabarimala ask SC for police protection.,1,C-ADD:ABSENT→PERIOD,True,
445,Menstruating girls allegedly confined in Uttarakhand govt building,Menstruating girls allegedly confined in Uttarakhand govt building.,1,C-ADD:ABSENT→PERIOD,True,
446,Flipkart's Sachin pays â‚1699 cr advance tax for Q1 of FY19 : Report,Flipkart 's Sachin pays â‚1699 cr advance tax for Q1 of FY19 : Report.,1,C-ADD:ABSENT→PERIOD,True,
447,According to reports Flipkart's Sachin pays a 699 cr advance tax for Q1 of FY19,According to reports Flipkart 's Sachin pays a 699 cr advance tax for Q1 of FY19.,1,C-ADD:ABSENT→PERIOD,True,
448,Lakhs participate to form 620-km long Women's Wall in Kerala,Lakhs participate to form 620 - km long Women 's Wall in Kerala.,1,C-ADD:ABSENT→PERIOD,True,
449,Woman PhD scholar found hanging in hostel room at IIT Madras,A Woman PhD scholar found hanging in hostel room at IIT Madras.,2,FW-ADD:ABSENT→a|C-ADD:ABSENT→PERIOD,True,
450,Sabarimala shut for purification after entry of women below 50,Sabarimala shut for purification after entry of women below 50.,1,C-ADD:ABSENT→PERIOD,True,
451,MP govt puts on hold singing of Vande Mataram at Secretariat,MP govt puts on hold singing of Vande Mataram at Secretariat.,1,C-ADD:ABSENT→PERIOD,True,
452,"Thai man shoots 6 family members, kills himself at New Year party","Thai man shoots 6 family members , kills himself at New Year party.",1,C-ADD:ABSENT→PERIOD,True,
453,Reserve right to use force to stop independence of Taiwan: China,Reserve right to use force to stop independence of Taiwan : China.,1,C-ADD:ABSENT→PERIOD,True,
454,China said that it Reserve right to use force to stop independence of Taiwan,China said that it Reserve right to use force to stop independence of Taiwan.,1,C-ADD:ABSENT→PERIOD,True,
455,PM Modi's stand on Ram temple a positive step: RSS,PM Modi 's stand on Ram temple a positive step : RSS.,1,C-ADD:ABSENT→PERIOD,True,
456,Congress wants to weaken Army with false claims: PM Modi,Congress wants to weaken Army with false claims : PM Modi.,1,C-ADD:ABSENT→PERIOD,True,
457,Bowed down to satisfy PM's ego for sake of Andhra: CM Naidu,Bowed down to satisfy PM 's ego for sake of Andhra : CM Naidu.,1,C-ADD:ABSENT→PERIOD,True,
458,Gathbandhan of thugs should start its countdown: Congress,Gathbandhan of thugs should start its countdown : Congress.,1,C-ADD:ABSENT→PERIOD,True,
459,"My mother died on April 1, no one believed: Kader in old interview","My mother died on April 1 , no one believed : Kader in old interview.",1,C-ADD:ABSENT→PERIOD,True,
460,Qualcomm refused to provide chips for 2018 iPhones: Apple COO,Qualcomm refused to provide chips for 2018 iPhones : Apple COO.,1,C-ADD:ABSENT→PERIOD,True,
461,Kashmiris don't relate to the idea of India: IAS topper Faesal,Kashmiris do n't relate to the idea of India : IAS topper Faesal.,1,C-ADD:ABSENT→PERIOD,True,
462,Gavaskar set to miss presenting Border-Gavaskar Trophy to Kohli,Gavaskar set to miss presenting Border - Gavaskar Trophy to Kohli.,1,C-ADD:ABSENT→PERIOD,True,
463,"Kohli captain, no Australian in Cricket Australia's ODI XI of 2018","Kohli captain , no Australian in Cricket Australia 's ODI XI of 2018.",1,C-ADD:ABSENT→PERIOD,True,
464,Venezuela President calls his Brazilian counterpart 'Hitler',Venezuela President calls his Brazilian counterpart ' Hitler '.,1,C-ADD:ABSENT→PERIOD,True,
465,United Spirits to sell Four Seasons Wines for ₹31.8 crore,United Spirits to sell Four Seasons Wines for ₹ 31.8 crore.,1,C-ADD:ABSENT→PERIOD,True,
466,"India will add 1,000 aircraft in 7-8 years: Aviation Secretary","India will add 1,000 aircraft in 7 - 8 years : Aviation Secretary.",1,C-ADD:ABSENT→PERIOD,True,
467,Need to take care of artistes: Shatrughan on Kader's death,Need to take care of artistes : Shatrughan on Kader 's death.,1,C-ADD:ABSENT→PERIOD,True,
468,"Kohli captain, no Australian in Cricket Australia's ODI XI of 2018","Kohli captain , no Australian in Cricket Australia 's ODI XI of 2018.",1,C-ADD:ABSENT→PERIOD,True,
469,Venezuela President calls his Brazilian counterpart 'Hitler',Venezuela President calls his Brazilian counterpart ' Hitler '.,1,C-ADD:ABSENT→PERIOD,True,
470,United Spirits to sell Four Seasons Wines for ₹31.8 crore,United Spirits to sell Four Seasons Wines for ₹ 31.8 crore.,1,C-ADD:ABSENT→PERIOD,True,
471,"India will add 1,000 aircraft in 7-8 years: Aviation Secretary","India will add 1,000 aircraft in 7 - 8 years : Aviation Secretary.",1,C-ADD:ABSENT→PERIOD,True,
472,Need to take care of artistes: Shatrughan on Kader's death,Need to take care of artistes : Shatrughan on Kader 's death.,1,C-ADD:ABSENT→PERIOD,True,
473,We should show some empathy to Pandya and KL Rahul: VVS Laxman,We should show some empathy to Pandya and KL Rahul : VVS Laxman.,1,C-ADD:ABSENT→PERIOD,True,
474,Rahul's family gave ‘Bharat Ratna’ to themselves: Smriti Irani,Rahul 's family gave ‘ Bharat Ratna ’ to themselves : Smriti Irani.,1,C-ADD:ABSENT→PERIOD,True,
475,"Men file RTI query on development work, get used condoms in reply","A Men file RTI query on development work , get used condoms in reply.",2,FW-ADD:ABSENT→a|C-ADD:ABSENT→PERIOD,True,
476,general category quota comes into force in Jharkhand,general category quota comes into force in Jharkhand.,1,C-ADD:ABSENT→PERIOD,True,
477,"6 drown after boat capsizes in Narmada river, 36 rescued","6 drown after boat capsizes in Narmada river , 36 rescued.",1,C-ADD:ABSENT→PERIOD,True,
478,Virginity not a treasure to be given as a gift to husband: Kalki,A Virginity not a treasure to be given as a gift to husband : Kalki.,2,FW-ADD:ABSENT→a|C-ADD:ABSENT→PERIOD,True,
479,Pakistani lawmakers suspended for not disclosing assets,Pakistani lawmakers suspended for not disclosing assets.,1,C-ADD:ABSENT→PERIOD,True,
480,"Huawei Y9 goes on sale today with free earphones worth ₹2,990","Huawei Y9 goes on sale today with free earphones worth ₹ 2,990.",1,C-ADD:ABSENT→PERIOD,True,
481,Body of 1 out of 15 trapped in Meghalaya mine found after 35 days,A Body of 1 out of 15 trapped in Meghalaya mine found after 35 days.,2,FW-ADD:ABSENT→a|C-ADD:ABSENT→PERIOD,True,
482,1st plant on Moon died as temperature reached -170oC at night,1st plant on Moon died as temperature reached -170oC at night.,1,C-ADD:ABSENT→PERIOD,True,
483,Firm sells reverse stitched jeans that look like they're inside out,A Firm sells reverse stitched jeans that look like they 're inside out.,2,FW-ADD:ABSENT→a|C-ADD:ABSENT→PERIOD,True,
484,"Was depressed, starved myself: Hazel shares her '10 Year Challenge'","Was depressed , starved myself : Hazel shares her ' 10 Year Challenge '.",1,C-ADD:ABSENT→PERIOD,True,
485,MS Dhoni talks a lot while batting and that helps: Virat Kohli,MS Dhoni talks a lot while batting and that helps : Virat Kohli.,1,C-ADD:ABSENT→PERIOD,True,
486,"Upset to hear Jaitley ji isn't well, 100% with him: Rahul Gandhi","Upset to hear Jaitley ji is n't well , 100 % with him : Rahul Gandhi.",1,C-ADD:ABSENT→PERIOD,True,
487,"BJP President Amit Shah diagnosed with swine flu, admitted to AIIMS","BJP President Amit Shah diagnosed with swine flu , admitted to AIIMS.",1,C-ADD:ABSENT→PERIOD,True,
488,Told jawans to come back before sunrise: PM Modi on surgical strike,Told jawans to come back before sunrise : PM Modi on surgical strike.,1,C-ADD:ABSENT→PERIOD,True,
489,PM Modi told to Jawans to come back before sunrise During Surgical Strike,A PM Modi told to Jawans to come back before sunrise During Surgical Strike.,2,FW-ADD:ABSENT→a|C-ADD:ABSENT→PERIOD,True,
490,Pakistan ko sudharne mein abhi samay lagega: PM on surgical strike,Pakistan ko sudharne mein abhi samay lagega : PM on surgical strike.,1,C-ADD:ABSENT→PERIOD,True,
491,"My Inspiration, my Fireball: Sussanne on Sonali's birthday","My Inspiration , my Fireball : Sussanne on Sonali 's birthday.",1,C-ADD:ABSENT→PERIOD,True,
492,Sudhir Bhargava takes oath as Chief Information Commissioner,Sudhir Bhargava takes oath as Chief Information Commissioner.,1,C-ADD:ABSENT→PERIOD,True,
493,Loan waivers do not benefit majority of farmers: PM Modi,A Loan waivers do not benefit majority of farmers : PM Modi.,2,FW-ADD:ABSENT→a|C-ADD:ABSENT→PERIOD,True,
494,"It was not a jhatka ,warned people a year before : PM Modi on note ban","It was not a jhatka , warned people a year before : PM Modi on note ban.",1,C-ADD:ABSENT→PERIOD,True,
495,'Messy' star that caused partner star to explode identified,' Messy ' star that caused partner star to explode identified.,1,C-ADD:ABSENT→PERIOD,True,
496,China has some of world's most advanced weapon systems: US,China has some of world 's most advanced weapon systems : US.,1,C-ADD:ABSENT→PERIOD,True,
497,Upskirting to become crime punishable by 2 yrs in jail in UK,Upskirting to become crime punishable by 2 yrs in jail in UK.,1,C-ADD:ABSENT→PERIOD,True,
498,"Maharashtra govt, LIC bid for Air India building in Mumbai","Maharashtra govt , LIC bid for Air India building in Mumbai.",1,C-ADD:ABSENT→PERIOD,True,
499,"SBI, stakeholders working on resolution plan: Jet Airways","SBI , stakeholders working on resolution plan : Jet Airways.",1,C-ADD:ABSENT→PERIOD,True,
